/*
Navicat MySQL Data Transfer

Source Server         : localhost_3306
Source Server Version : 80011
Source Host           : localhost:3306
Source Database       : tmall

Target Server Type    : MYSQL
Target Server Version : 80011
File Encoding         : 65001

Date: 2019-06-18 20:29:34
*/

SET FOREIGN_KEY_CHECKS=0;

-- ----------------------------
-- Table structure for category
-- ----------------------------
DROP TABLE IF EXISTS `category`;
CREATE TABLE `category` (
  `id` int(11) NOT NULL AUTO_INCREMENT,
  `name` varchar(255) DEFAULT NULL,
  PRIMARY KEY (`id`)
) ENGINE=InnoDB AUTO_INCREMENT=3 DEFAULT CHARSET=utf8;

-- ----------------------------
-- Records of category
-- ----------------------------
INSERT INTO `category` VALUES ('1', '宠物狗');
INSERT INTO `category` VALUES ('2', '宠物猫');

-- ----------------------------
-- Table structure for orderitem
-- ----------------------------
DROP TABLE IF EXISTS `orderitem`;
CREATE TABLE `orderitem` (
  `id` int(11) NOT NULL AUTO_INCREMENT,
  `pid` int(11) DEFAULT NULL,
  `oid` int(11) DEFAULT NULL,
  `uid` int(11) DEFAULT NULL,
  `number` int(11) DEFAULT NULL,
  PRIMARY KEY (`id`),
  KEY `fk_orderitem_user` (`uid`),
  KEY `fk_orderitem_product` (`pid`),
  CONSTRAINT `fk_orderitem_product` FOREIGN KEY (`pid`) REFERENCES `product` (`id`),
  CONSTRAINT `fk_orderitem_user` FOREIGN KEY (`uid`) REFERENCES `user` (`id`)
) ENGINE=InnoDB AUTO_INCREMENT=2 DEFAULT CHARSET=utf8;

-- ----------------------------
-- Records of orderitem
-- ----------------------------
INSERT INTO `orderitem` VALUES ('1', '960', '1', '1', '4');

-- ----------------------------
-- Table structure for order_
-- ----------------------------
DROP TABLE IF EXISTS `order_`;
CREATE TABLE `order_` (
  `id` int(11) NOT NULL AUTO_INCREMENT,
  `orderCode` varchar(255) DEFAULT NULL,
  `address` varchar(255) DEFAULT NULL,
  `post` varchar(255) DEFAULT NULL,
  `receiver` varchar(255) DEFAULT NULL,
  `mobile` varchar(255) DEFAULT NULL,
  `userMessage` varchar(255) DEFAULT NULL,
  `createDate` datetime DEFAULT NULL,
  `payDate` datetime DEFAULT NULL,
  `deliveryDate` datetime DEFAULT NULL,
  `confirmDate` datetime DEFAULT NULL,
  `uid` int(11) DEFAULT NULL,
  `status` varchar(255) DEFAULT NULL,
  PRIMARY KEY (`id`),
  KEY `fk_order_user` (`uid`),
  CONSTRAINT `fk_order_user` FOREIGN KEY (`uid`) REFERENCES `user` (`id`)
) ENGINE=InnoDB AUTO_INCREMENT=2 DEFAULT CHARSET=utf8;

-- ----------------------------
-- Records of order_
-- ----------------------------
INSERT INTO `order_` VALUES ('1', '201906172246580538726', '', '', '', '', '', '2019-06-17 22:46:58', '2019-06-17 22:47:00', '2019-06-18 19:46:33', null, '1', 'waitConfirm');

-- ----------------------------
-- Table structure for product
-- ----------------------------
DROP TABLE IF EXISTS `product`;
CREATE TABLE `product` (
  `id` int(11) NOT NULL AUTO_INCREMENT,
  `name` varchar(255) DEFAULT NULL,
  `subTitle` varchar(255) DEFAULT NULL,
  `originalPrice` float DEFAULT NULL,
  `promotePrice` float DEFAULT NULL,
  `stock` int(11) DEFAULT NULL,
  `cid` int(11) DEFAULT NULL,
  `createDate` datetime DEFAULT NULL,
  PRIMARY KEY (`id`),
  KEY `fk_product_category` (`cid`),
  CONSTRAINT `fk_product_category` FOREIGN KEY (`cid`) REFERENCES `category` (`id`)
) ENGINE=InnoDB AUTO_INCREMENT=963 DEFAULT CHARSET=utf8;

-- ----------------------------
-- Records of product
-- ----------------------------
INSERT INTO `product` VALUES ('899', '萌萌的苏格兰折耳猫', '折耳猫', '580', '551', '91', '2', '2019-06-16 02:21:07');
INSERT INTO `product` VALUES ('900', '可爱惹人的美国短毛猫', '短毛猫', '200', '170', '77', '2', '2019-06-16 02:21:10');
INSERT INTO `product` VALUES ('901', '朝气的奥西猫', '奥西猫', '780', '624', '86', '2', '2019-06-16 02:21:13');
INSERT INTO `product` VALUES ('902', '蓝眼睛东方猫', '东方猫', '798', '518.7', '45', '2', '2019-06-16 02:21:17');
INSERT INTO `product` VALUES ('903', '帅气的波斯猫', '波斯猫', '150', '97.5', '84', '2', '2019-06-16 02:21:20');
INSERT INTO `product` VALUES ('958', '可爱的哈士奇', '哈士奇', '2848', '1993.6', '52', '1', '2019-06-16 02:29:07');
INSERT INTO `product` VALUES ('959', '有趣活泼的柯基', '柯基', '1999', '1199.4', '89', '1', '2019-06-16 02:29:10');
INSERT INTO `product` VALUES ('960', '幼年斗牛犬', '斗牛犬', '1280', '1216', '71', '1', '2019-06-16 02:29:13');
INSERT INTO `product` VALUES ('961', '苏格兰折耳猫', '苏格兰', '1680', '1344', '59', '1', '2019-06-16 02:29:16');
INSERT INTO `product` VALUES ('962', '耐看的金毛犬', '金毛犬', '980', '882', '16', '1', '2019-06-16 02:29:19');

-- ----------------------------
-- Table structure for productimage
-- ----------------------------
DROP TABLE IF EXISTS `productimage`;
CREATE TABLE `productimage` (
  `id` int(11) NOT NULL AUTO_INCREMENT,
  `pid` int(11) DEFAULT NULL,
  `type` varchar(255) DEFAULT NULL,
  PRIMARY KEY (`id`),
  KEY `fk_productimage_product` (`pid`),
  CONSTRAINT `fk_productimage_product` FOREIGN KEY (`pid`) REFERENCES `product` (`id`)
) ENGINE=InnoDB AUTO_INCREMENT=10211 DEFAULT CHARSET=utf8;

-- ----------------------------
-- Records of productimage
-- ----------------------------
INSERT INTO `productimage` VALUES ('9495', '899', 'type_single');
INSERT INTO `productimage` VALUES ('9496', '899', 'type_single');
INSERT INTO `productimage` VALUES ('9497', '899', 'type_single');
INSERT INTO `productimage` VALUES ('9498', '899', 'type_single');
INSERT INTO `productimage` VALUES ('9499', '899', 'type_single');
INSERT INTO `productimage` VALUES ('9500', '899', 'type_detail');
INSERT INTO `productimage` VALUES ('9501', '899', 'type_detail');
INSERT INTO `productimage` VALUES ('9502', '899', 'type_detail');
INSERT INTO `productimage` VALUES ('9503', '899', 'type_detail');
INSERT INTO `productimage` VALUES ('9504', '899', 'type_detail');
INSERT INTO `productimage` VALUES ('9505', '899', 'type_detail');
INSERT INTO `productimage` VALUES ('9506', '900', 'type_single');
INSERT INTO `productimage` VALUES ('9507', '900', 'type_single');
INSERT INTO `productimage` VALUES ('9508', '900', 'type_single');
INSERT INTO `productimage` VALUES ('9509', '900', 'type_single');
INSERT INTO `productimage` VALUES ('9510', '900', 'type_single');
INSERT INTO `productimage` VALUES ('9511', '900', 'type_detail');
INSERT INTO `productimage` VALUES ('9512', '900', 'type_detail');
INSERT INTO `productimage` VALUES ('9513', '900', 'type_detail');
INSERT INTO `productimage` VALUES ('9514', '900', 'type_detail');
INSERT INTO `productimage` VALUES ('9515', '900', 'type_detail');
INSERT INTO `productimage` VALUES ('9516', '900', 'type_detail');
INSERT INTO `productimage` VALUES ('9517', '901', 'type_single');
INSERT INTO `productimage` VALUES ('9518', '901', 'type_single');
INSERT INTO `productimage` VALUES ('9519', '901', 'type_single');
INSERT INTO `productimage` VALUES ('9520', '901', 'type_single');
INSERT INTO `productimage` VALUES ('9521', '901', 'type_single');
INSERT INTO `productimage` VALUES ('9522', '901', 'type_detail');
INSERT INTO `productimage` VALUES ('9523', '901', 'type_detail');
INSERT INTO `productimage` VALUES ('9524', '901', 'type_detail');
INSERT INTO `productimage` VALUES ('9525', '901', 'type_detail');
INSERT INTO `productimage` VALUES ('9526', '901', 'type_detail');
INSERT INTO `productimage` VALUES ('9527', '901', 'type_detail');
INSERT INTO `productimage` VALUES ('9528', '902', 'type_single');
INSERT INTO `productimage` VALUES ('9529', '902', 'type_single');
INSERT INTO `productimage` VALUES ('9530', '902', 'type_single');
INSERT INTO `productimage` VALUES ('9531', '902', 'type_single');
INSERT INTO `productimage` VALUES ('9532', '902', 'type_single');
INSERT INTO `productimage` VALUES ('9533', '902', 'type_detail');
INSERT INTO `productimage` VALUES ('9534', '902', 'type_detail');
INSERT INTO `productimage` VALUES ('9535', '902', 'type_detail');
INSERT INTO `productimage` VALUES ('9536', '902', 'type_detail');
INSERT INTO `productimage` VALUES ('9537', '902', 'type_detail');
INSERT INTO `productimage` VALUES ('9538', '902', 'type_detail');
INSERT INTO `productimage` VALUES ('9539', '903', 'type_single');
INSERT INTO `productimage` VALUES ('9540', '903', 'type_single');
INSERT INTO `productimage` VALUES ('9541', '903', 'type_single');
INSERT INTO `productimage` VALUES ('9542', '903', 'type_single');
INSERT INTO `productimage` VALUES ('9543', '903', 'type_single');
INSERT INTO `productimage` VALUES ('9544', '903', 'type_detail');
INSERT INTO `productimage` VALUES ('9545', '903', 'type_detail');
INSERT INTO `productimage` VALUES ('9546', '903', 'type_detail');
INSERT INTO `productimage` VALUES ('9547', '903', 'type_detail');
INSERT INTO `productimage` VALUES ('9548', '903', 'type_detail');
INSERT INTO `productimage` VALUES ('9549', '903', 'type_detail');
INSERT INTO `productimage` VALUES ('10144', '958', 'type_single');
INSERT INTO `productimage` VALUES ('10145', '958', 'type_single');
INSERT INTO `productimage` VALUES ('10146', '958', 'type_single');
INSERT INTO `productimage` VALUES ('10147', '958', 'type_single');
INSERT INTO `productimage` VALUES ('10148', '958', 'type_single');
INSERT INTO `productimage` VALUES ('10149', '958', 'type_detail');
INSERT INTO `productimage` VALUES ('10150', '958', 'type_detail');
INSERT INTO `productimage` VALUES ('10151', '958', 'type_detail');
INSERT INTO `productimage` VALUES ('10152', '958', 'type_detail');
INSERT INTO `productimage` VALUES ('10153', '958', 'type_detail');
INSERT INTO `productimage` VALUES ('10154', '958', 'type_detail');
INSERT INTO `productimage` VALUES ('10155', '959', 'type_single');
INSERT INTO `productimage` VALUES ('10156', '959', 'type_single');
INSERT INTO `productimage` VALUES ('10157', '959', 'type_single');
INSERT INTO `productimage` VALUES ('10158', '959', 'type_single');
INSERT INTO `productimage` VALUES ('10159', '959', 'type_single');
INSERT INTO `productimage` VALUES ('10160', '959', 'type_detail');
INSERT INTO `productimage` VALUES ('10161', '959', 'type_detail');
INSERT INTO `productimage` VALUES ('10162', '959', 'type_detail');
INSERT INTO `productimage` VALUES ('10163', '959', 'type_detail');
INSERT INTO `productimage` VALUES ('10164', '959', 'type_detail');
INSERT INTO `productimage` VALUES ('10165', '959', 'type_detail');
INSERT INTO `productimage` VALUES ('10166', '960', 'type_single');
INSERT INTO `productimage` VALUES ('10167', '960', 'type_single');
INSERT INTO `productimage` VALUES ('10168', '960', 'type_single');
INSERT INTO `productimage` VALUES ('10169', '960', 'type_single');
INSERT INTO `productimage` VALUES ('10170', '960', 'type_single');
INSERT INTO `productimage` VALUES ('10171', '960', 'type_detail');
INSERT INTO `productimage` VALUES ('10172', '960', 'type_detail');
INSERT INTO `productimage` VALUES ('10173', '960', 'type_detail');
INSERT INTO `productimage` VALUES ('10174', '960', 'type_detail');
INSERT INTO `productimage` VALUES ('10175', '960', 'type_detail');
INSERT INTO `productimage` VALUES ('10176', '960', 'type_detail');
INSERT INTO `productimage` VALUES ('10177', '961', 'type_single');
INSERT INTO `productimage` VALUES ('10178', '961', 'type_single');
INSERT INTO `productimage` VALUES ('10179', '961', 'type_single');
INSERT INTO `productimage` VALUES ('10180', '961', 'type_single');
INSERT INTO `productimage` VALUES ('10181', '961', 'type_single');
INSERT INTO `productimage` VALUES ('10182', '961', 'type_detail');
INSERT INTO `productimage` VALUES ('10183', '961', 'type_detail');
INSERT INTO `productimage` VALUES ('10184', '961', 'type_detail');
INSERT INTO `productimage` VALUES ('10185', '961', 'type_detail');
INSERT INTO `productimage` VALUES ('10186', '961', 'type_detail');
INSERT INTO `productimage` VALUES ('10187', '961', 'type_detail');
INSERT INTO `productimage` VALUES ('10188', '962', 'type_single');
INSERT INTO `productimage` VALUES ('10189', '962', 'type_single');
INSERT INTO `productimage` VALUES ('10190', '962', 'type_single');
INSERT INTO `productimage` VALUES ('10191', '962', 'type_single');
INSERT INTO `productimage` VALUES ('10192', '962', 'type_single');
INSERT INTO `productimage` VALUES ('10193', '962', 'type_detail');
INSERT INTO `productimage` VALUES ('10194', '962', 'type_detail');
INSERT INTO `productimage` VALUES ('10195', '962', 'type_detail');
INSERT INTO `productimage` VALUES ('10196', '962', 'type_detail');
INSERT INTO `productimage` VALUES ('10197', '962', 'type_detail');
INSERT INTO `productimage` VALUES ('10198', '962', 'type_detail');

-- ----------------------------
-- Table structure for property
-- ----------------------------
DROP TABLE IF EXISTS `property`;
CREATE TABLE `property` (
  `id` int(11) NOT NULL AUTO_INCREMENT,
  `cid` int(11) DEFAULT NULL,
  `name` varchar(255) DEFAULT NULL,
  PRIMARY KEY (`id`),
  KEY `fk_property_category` (`cid`),
  CONSTRAINT `fk_property_category` FOREIGN KEY (`cid`) REFERENCES `category` (`id`)
) ENGINE=InnoDB AUTO_INCREMENT=258 DEFAULT CHARSET=utf8;

-- ----------------------------
-- Records of property
-- ----------------------------
INSERT INTO `property` VALUES ('228', '2', '品牌');
INSERT INTO `property` VALUES ('229', '2', '产地');
INSERT INTO `property` VALUES ('230', '2', '上市时间');
INSERT INTO `property` VALUES ('231', '2', '型号');
INSERT INTO `property` VALUES ('232', '2', '功能');
INSERT INTO `property` VALUES ('233', '2', '适用性别');
INSERT INTO `property` VALUES ('234', '2', '风格');
INSERT INTO `property` VALUES ('235', '2', '价格区间');
INSERT INTO `property` VALUES ('236', '2', '眼镜配件类型');
INSERT INTO `property` VALUES ('237', '2', '是否商场同款');
INSERT INTO `property` VALUES ('238', '2', '镜片材质');
INSERT INTO `property` VALUES ('239', '2', '货号');
INSERT INTO `property` VALUES ('240', '2', '颜色分类');
INSERT INTO `property` VALUES ('241', '2', '是否可调');
INSERT INTO `property` VALUES ('242', '2', '适合脸型');
INSERT INTO `property` VALUES ('243', '1', '产地');
INSERT INTO `property` VALUES ('244', '1', '证书状态');
INSERT INTO `property` VALUES ('245', '1', '3C产品型号');
INSERT INTO `property` VALUES ('246', '1', '申请人名称');
INSERT INTO `property` VALUES ('247', '1', '安装接口');
INSERT INTO `property` VALUES ('248', '1', '适合体重');
INSERT INTO `property` VALUES ('249', '1', '证书编号');
INSERT INTO `property` VALUES ('250', '1', '型号');
INSERT INTO `property` VALUES ('251', '1', '制造商名称');
INSERT INTO `property` VALUES ('252', '1', '颜色分类');
INSERT INTO `property` VALUES ('253', '1', '款式');
INSERT INTO `property` VALUES ('254', '1', '产品名称');
INSERT INTO `property` VALUES ('255', '1', '人体固定方式');
INSERT INTO `property` VALUES ('256', '1', '安全座椅品牌');
INSERT INTO `property` VALUES ('257', '1', '适用年龄');

-- ----------------------------
-- Table structure for propertyvalue
-- ----------------------------
DROP TABLE IF EXISTS `propertyvalue`;
CREATE TABLE `propertyvalue` (
  `id` int(11) NOT NULL AUTO_INCREMENT,
  `pid` int(11) DEFAULT NULL,
  `ptid` int(11) DEFAULT NULL,
  `value` varchar(255) DEFAULT NULL,
  PRIMARY KEY (`id`),
  KEY `fk_propertyvalue_property` (`ptid`),
  CONSTRAINT `fk_propertyvalue_property` FOREIGN KEY (`ptid`) REFERENCES `property` (`id`)
) ENGINE=InnoDB AUTO_INCREMENT=14092 DEFAULT CHARSET=utf8;

-- ----------------------------
-- Records of propertyvalue
-- ----------------------------
INSERT INTO `propertyvalue` VALUES ('12359', '849', '242', '圆脸 长脸 方脸 椭圆形脸');
INSERT INTO `propertyvalue` VALUES ('12360', '849', '241', '镜面弧度 镜架松紧');
INSERT INTO `propertyvalue` VALUES ('12361', '849', '240', '黑框黑灰片 枪框渐灰片 银框反光膜天蓝片 金框G15片');
INSERT INTO `propertyvalue` VALUES ('12362', '849', '239', '8009');
INSERT INTO `propertyvalue` VALUES ('12363', '849', '238', '其他');
INSERT INTO `propertyvalue` VALUES ('12364', '849', '237', '否');
INSERT INTO `propertyvalue` VALUES ('12365', '849', '236', '镜布 镜盒');
INSERT INTO `propertyvalue` VALUES ('12366', '849', '235', '100 - 200元');
INSERT INTO `propertyvalue` VALUES ('12367', '849', '234', '个性 舒适 运动');
INSERT INTO `propertyvalue` VALUES ('12368', '849', '233', '男');
INSERT INTO `propertyvalue` VALUES ('12369', '849', '232', '防UVA 防UVB 偏光');
INSERT INTO `propertyvalue` VALUES ('12370', '849', '231', '8009');
INSERT INTO `propertyvalue` VALUES ('12371', '849', '230', '2014年春夏季');
INSERT INTO `propertyvalue` VALUES ('12372', '849', '229', '厦门');
INSERT INTO `propertyvalue` VALUES ('12373', '849', '228', 'PARZIN/帕森');
INSERT INTO `propertyvalue` VALUES ('12374', '850', '242', '圆脸 长脸 方脸 椭圆形脸');
INSERT INTO `propertyvalue` VALUES ('12375', '850', '241', '镜面弧度 镜架松紧');
INSERT INTO `propertyvalue` VALUES ('12376', '850', '240', '黑框黑灰片 枪框渐灰片 银框反光膜天蓝片 金框G15片');
INSERT INTO `propertyvalue` VALUES ('12377', '850', '239', '8009');
INSERT INTO `propertyvalue` VALUES ('12378', '850', '238', '其他');
INSERT INTO `propertyvalue` VALUES ('12379', '850', '237', '否');
INSERT INTO `propertyvalue` VALUES ('12380', '850', '236', '镜布 镜盒');
INSERT INTO `propertyvalue` VALUES ('12381', '850', '235', '100 - 200元');
INSERT INTO `propertyvalue` VALUES ('12382', '850', '234', '个性 舒适 运动');
INSERT INTO `propertyvalue` VALUES ('12383', '850', '233', '男');
INSERT INTO `propertyvalue` VALUES ('12384', '850', '232', '防UVA 防UVB 偏光');
INSERT INTO `propertyvalue` VALUES ('12385', '850', '231', '8009');
INSERT INTO `propertyvalue` VALUES ('12386', '850', '230', '2014年春夏季');
INSERT INTO `propertyvalue` VALUES ('12387', '850', '229', '厦门');
INSERT INTO `propertyvalue` VALUES ('12388', '850', '228', 'PARZIN/帕森');
INSERT INTO `propertyvalue` VALUES ('12389', '851', '242', '圆脸 长脸 方脸 椭圆形脸');
INSERT INTO `propertyvalue` VALUES ('12390', '851', '241', '镜面弧度 镜架松紧');
INSERT INTO `propertyvalue` VALUES ('12391', '851', '240', '黑框黑灰片 枪框渐灰片 银框反光膜天蓝片 金框G15片');
INSERT INTO `propertyvalue` VALUES ('12392', '851', '239', '8009');
INSERT INTO `propertyvalue` VALUES ('12393', '851', '238', '其他');
INSERT INTO `propertyvalue` VALUES ('12394', '851', '237', '否');
INSERT INTO `propertyvalue` VALUES ('12395', '851', '236', '镜布 镜盒');
INSERT INTO `propertyvalue` VALUES ('12396', '851', '235', '100 - 200元');
INSERT INTO `propertyvalue` VALUES ('12397', '851', '234', '个性 舒适 运动');
INSERT INTO `propertyvalue` VALUES ('12398', '851', '233', '男');
INSERT INTO `propertyvalue` VALUES ('12399', '851', '232', '防UVA 防UVB 偏光');
INSERT INTO `propertyvalue` VALUES ('12400', '851', '231', '8009');
INSERT INTO `propertyvalue` VALUES ('12401', '851', '230', '2014年春夏季');
INSERT INTO `propertyvalue` VALUES ('12402', '851', '229', '厦门');
INSERT INTO `propertyvalue` VALUES ('12403', '851', '228', 'PARZIN/帕森');
INSERT INTO `propertyvalue` VALUES ('12404', '852', '242', '圆脸 长脸 方脸 椭圆形脸');
INSERT INTO `propertyvalue` VALUES ('12405', '852', '241', '镜面弧度 镜架松紧');
INSERT INTO `propertyvalue` VALUES ('12406', '852', '240', '黑框黑灰片 枪框渐灰片 银框反光膜天蓝片 金框G15片');
INSERT INTO `propertyvalue` VALUES ('12407', '852', '239', '8009');
INSERT INTO `propertyvalue` VALUES ('12408', '852', '238', '其他');
INSERT INTO `propertyvalue` VALUES ('12409', '852', '237', '否');
INSERT INTO `propertyvalue` VALUES ('12410', '852', '236', '镜布 镜盒');
INSERT INTO `propertyvalue` VALUES ('12411', '852', '235', '100 - 200元');
INSERT INTO `propertyvalue` VALUES ('12412', '852', '234', '个性 舒适 运动');
INSERT INTO `propertyvalue` VALUES ('12413', '852', '233', '男');
INSERT INTO `propertyvalue` VALUES ('12414', '852', '232', '防UVA 防UVB 偏光');
INSERT INTO `propertyvalue` VALUES ('12415', '852', '231', '8009');
INSERT INTO `propertyvalue` VALUES ('12416', '852', '230', '2014年春夏季');
INSERT INTO `propertyvalue` VALUES ('12417', '852', '229', '厦门');
INSERT INTO `propertyvalue` VALUES ('12418', '852', '228', 'PARZIN/帕森');
INSERT INTO `propertyvalue` VALUES ('12419', '853', '242', '圆脸 长脸 方脸 椭圆形脸');
INSERT INTO `propertyvalue` VALUES ('12420', '853', '241', '镜面弧度 镜架松紧');
INSERT INTO `propertyvalue` VALUES ('12421', '853', '240', '黑框黑灰片 枪框渐灰片 银框反光膜天蓝片 金框G15片');
INSERT INTO `propertyvalue` VALUES ('12422', '853', '239', '8009');
INSERT INTO `propertyvalue` VALUES ('12423', '853', '238', '其他');
INSERT INTO `propertyvalue` VALUES ('12424', '853', '237', '否');
INSERT INTO `propertyvalue` VALUES ('12425', '853', '236', '镜布 镜盒');
INSERT INTO `propertyvalue` VALUES ('12426', '853', '235', '100 - 200元');
INSERT INTO `propertyvalue` VALUES ('12427', '853', '234', '个性 舒适 运动');
INSERT INTO `propertyvalue` VALUES ('12428', '853', '233', '男');
INSERT INTO `propertyvalue` VALUES ('12429', '853', '232', '防UVA 防UVB 偏光');
INSERT INTO `propertyvalue` VALUES ('12430', '853', '231', '8009');
INSERT INTO `propertyvalue` VALUES ('12431', '853', '230', '2014年春夏季');
INSERT INTO `propertyvalue` VALUES ('12432', '853', '229', '厦门');
INSERT INTO `propertyvalue` VALUES ('12433', '853', '228', 'PARZIN/帕森');
INSERT INTO `propertyvalue` VALUES ('12434', '854', '242', '圆脸 长脸 方脸 椭圆形脸');
INSERT INTO `propertyvalue` VALUES ('12435', '854', '241', '镜面弧度 镜架松紧');
INSERT INTO `propertyvalue` VALUES ('12436', '854', '240', '黑框黑灰片 枪框渐灰片 银框反光膜天蓝片 金框G15片');
INSERT INTO `propertyvalue` VALUES ('12437', '854', '239', '8009');
INSERT INTO `propertyvalue` VALUES ('12438', '854', '238', '其他');
INSERT INTO `propertyvalue` VALUES ('12439', '854', '237', '否');
INSERT INTO `propertyvalue` VALUES ('12440', '854', '236', '镜布 镜盒');
INSERT INTO `propertyvalue` VALUES ('12441', '854', '235', '100 - 200元');
INSERT INTO `propertyvalue` VALUES ('12442', '854', '234', '个性 舒适 运动');
INSERT INTO `propertyvalue` VALUES ('12443', '854', '233', '男');
INSERT INTO `propertyvalue` VALUES ('12444', '854', '232', '防UVA 防UVB 偏光');
INSERT INTO `propertyvalue` VALUES ('12445', '854', '231', '8009');
INSERT INTO `propertyvalue` VALUES ('12446', '854', '230', '2014年春夏季');
INSERT INTO `propertyvalue` VALUES ('12447', '854', '229', '厦门');
INSERT INTO `propertyvalue` VALUES ('12448', '854', '228', 'PARZIN/帕森');
INSERT INTO `propertyvalue` VALUES ('12449', '855', '242', '圆脸 长脸 方脸 椭圆形脸');
INSERT INTO `propertyvalue` VALUES ('12450', '855', '241', '镜面弧度 镜架松紧');
INSERT INTO `propertyvalue` VALUES ('12451', '855', '240', '黑框黑灰片 枪框渐灰片 银框反光膜天蓝片 金框G15片');
INSERT INTO `propertyvalue` VALUES ('12452', '855', '239', '8009');
INSERT INTO `propertyvalue` VALUES ('12453', '855', '238', '其他');
INSERT INTO `propertyvalue` VALUES ('12454', '855', '237', '否');
INSERT INTO `propertyvalue` VALUES ('12455', '855', '236', '镜布 镜盒');
INSERT INTO `propertyvalue` VALUES ('12456', '855', '235', '100 - 200元');
INSERT INTO `propertyvalue` VALUES ('12457', '855', '234', '个性 舒适 运动');
INSERT INTO `propertyvalue` VALUES ('12458', '855', '233', '男');
INSERT INTO `propertyvalue` VALUES ('12459', '855', '232', '防UVA 防UVB 偏光');
INSERT INTO `propertyvalue` VALUES ('12460', '855', '231', '8009');
INSERT INTO `propertyvalue` VALUES ('12461', '855', '230', '2014年春夏季');
INSERT INTO `propertyvalue` VALUES ('12462', '855', '229', '厦门');
INSERT INTO `propertyvalue` VALUES ('12463', '855', '228', 'PARZIN/帕森');
INSERT INTO `propertyvalue` VALUES ('12464', '856', '242', '圆脸 长脸 方脸 椭圆形脸');
INSERT INTO `propertyvalue` VALUES ('12465', '856', '241', '镜面弧度 镜架松紧');
INSERT INTO `propertyvalue` VALUES ('12466', '856', '240', '黑框黑灰片 枪框渐灰片 银框反光膜天蓝片 金框G15片');
INSERT INTO `propertyvalue` VALUES ('12467', '856', '239', '8009');
INSERT INTO `propertyvalue` VALUES ('12468', '856', '238', '其他');
INSERT INTO `propertyvalue` VALUES ('12469', '856', '237', '否');
INSERT INTO `propertyvalue` VALUES ('12470', '856', '236', '镜布 镜盒');
INSERT INTO `propertyvalue` VALUES ('12471', '856', '235', '100 - 200元');
INSERT INTO `propertyvalue` VALUES ('12472', '856', '234', '个性 舒适 运动');
INSERT INTO `propertyvalue` VALUES ('12473', '856', '233', '男');
INSERT INTO `propertyvalue` VALUES ('12474', '856', '232', '防UVA 防UVB 偏光');
INSERT INTO `propertyvalue` VALUES ('12475', '856', '231', '8009');
INSERT INTO `propertyvalue` VALUES ('12476', '856', '230', '2014年春夏季');
INSERT INTO `propertyvalue` VALUES ('12477', '856', '229', '厦门');
INSERT INTO `propertyvalue` VALUES ('12478', '856', '228', 'PARZIN/帕森');
INSERT INTO `propertyvalue` VALUES ('12479', '857', '242', '圆脸 长脸 方脸 椭圆形脸');
INSERT INTO `propertyvalue` VALUES ('12480', '857', '241', '镜面弧度 镜架松紧');
INSERT INTO `propertyvalue` VALUES ('12481', '857', '240', '黑框黑灰片 枪框渐灰片 银框反光膜天蓝片 金框G15片');
INSERT INTO `propertyvalue` VALUES ('12482', '857', '239', '8009');
INSERT INTO `propertyvalue` VALUES ('12483', '857', '238', '其他');
INSERT INTO `propertyvalue` VALUES ('12484', '857', '237', '否');
INSERT INTO `propertyvalue` VALUES ('12485', '857', '236', '镜布 镜盒');
INSERT INTO `propertyvalue` VALUES ('12486', '857', '235', '100 - 200元');
INSERT INTO `propertyvalue` VALUES ('12487', '857', '234', '个性 舒适 运动');
INSERT INTO `propertyvalue` VALUES ('12488', '857', '233', '男');
INSERT INTO `propertyvalue` VALUES ('12489', '857', '232', '防UVA 防UVB 偏光');
INSERT INTO `propertyvalue` VALUES ('12490', '857', '231', '8009');
INSERT INTO `propertyvalue` VALUES ('12491', '857', '230', '2014年春夏季');
INSERT INTO `propertyvalue` VALUES ('12492', '857', '229', '厦门');
INSERT INTO `propertyvalue` VALUES ('12493', '857', '228', 'PARZIN/帕森');
INSERT INTO `propertyvalue` VALUES ('12494', '858', '242', '圆脸 长脸 方脸 椭圆形脸');
INSERT INTO `propertyvalue` VALUES ('12495', '858', '241', '镜面弧度 镜架松紧');
INSERT INTO `propertyvalue` VALUES ('12496', '858', '240', '黑框黑灰片 枪框渐灰片 银框反光膜天蓝片 金框G15片');
INSERT INTO `propertyvalue` VALUES ('12497', '858', '239', '8009');
INSERT INTO `propertyvalue` VALUES ('12498', '858', '238', '其他');
INSERT INTO `propertyvalue` VALUES ('12499', '858', '237', '否');
INSERT INTO `propertyvalue` VALUES ('12500', '858', '236', '镜布 镜盒');
INSERT INTO `propertyvalue` VALUES ('12501', '858', '235', '100 - 200元');
INSERT INTO `propertyvalue` VALUES ('12502', '858', '234', '个性 舒适 运动');
INSERT INTO `propertyvalue` VALUES ('12503', '858', '233', '男');
INSERT INTO `propertyvalue` VALUES ('12504', '858', '232', '防UVA 防UVB 偏光');
INSERT INTO `propertyvalue` VALUES ('12505', '858', '231', '8009');
INSERT INTO `propertyvalue` VALUES ('12506', '858', '230', '2014年春夏季');
INSERT INTO `propertyvalue` VALUES ('12507', '858', '229', '厦门');
INSERT INTO `propertyvalue` VALUES ('12508', '858', '228', 'PARZIN/帕森');
INSERT INTO `propertyvalue` VALUES ('12509', '859', '242', '圆脸 长脸 方脸 椭圆形脸');
INSERT INTO `propertyvalue` VALUES ('12510', '859', '241', '镜面弧度 镜架松紧');
INSERT INTO `propertyvalue` VALUES ('12511', '859', '240', '黑框黑灰片 枪框渐灰片 银框反光膜天蓝片 金框G15片');
INSERT INTO `propertyvalue` VALUES ('12512', '859', '239', '8009');
INSERT INTO `propertyvalue` VALUES ('12513', '859', '238', '其他');
INSERT INTO `propertyvalue` VALUES ('12514', '859', '237', '否');
INSERT INTO `propertyvalue` VALUES ('12515', '859', '236', '镜布 镜盒');
INSERT INTO `propertyvalue` VALUES ('12516', '859', '235', '100 - 200元');
INSERT INTO `propertyvalue` VALUES ('12517', '859', '234', '个性 舒适 运动');
INSERT INTO `propertyvalue` VALUES ('12518', '859', '233', '男');
INSERT INTO `propertyvalue` VALUES ('12519', '859', '232', '防UVA 防UVB 偏光');
INSERT INTO `propertyvalue` VALUES ('12520', '859', '231', '8009');
INSERT INTO `propertyvalue` VALUES ('12521', '859', '230', '2014年春夏季');
INSERT INTO `propertyvalue` VALUES ('12522', '859', '229', '厦门');
INSERT INTO `propertyvalue` VALUES ('12523', '859', '228', 'PARZIN/帕森');
INSERT INTO `propertyvalue` VALUES ('12524', '860', '242', '圆脸 长脸 方脸 椭圆形脸');
INSERT INTO `propertyvalue` VALUES ('12525', '860', '241', '镜面弧度 镜架松紧');
INSERT INTO `propertyvalue` VALUES ('12526', '860', '240', '黑框黑灰片 枪框渐灰片 银框反光膜天蓝片 金框G15片');
INSERT INTO `propertyvalue` VALUES ('12527', '860', '239', '8009');
INSERT INTO `propertyvalue` VALUES ('12528', '860', '238', '其他');
INSERT INTO `propertyvalue` VALUES ('12529', '860', '237', '否');
INSERT INTO `propertyvalue` VALUES ('12530', '860', '236', '镜布 镜盒');
INSERT INTO `propertyvalue` VALUES ('12531', '860', '235', '100 - 200元');
INSERT INTO `propertyvalue` VALUES ('12532', '860', '234', '个性 舒适 运动');
INSERT INTO `propertyvalue` VALUES ('12533', '860', '233', '男');
INSERT INTO `propertyvalue` VALUES ('12534', '860', '232', '防UVA 防UVB 偏光');
INSERT INTO `propertyvalue` VALUES ('12535', '860', '231', '8009');
INSERT INTO `propertyvalue` VALUES ('12536', '860', '230', '2014年春夏季');
INSERT INTO `propertyvalue` VALUES ('12537', '860', '229', '厦门');
INSERT INTO `propertyvalue` VALUES ('12538', '860', '228', 'PARZIN/帕森');
INSERT INTO `propertyvalue` VALUES ('12539', '861', '242', '圆脸 长脸 方脸 椭圆形脸');
INSERT INTO `propertyvalue` VALUES ('12540', '861', '241', '镜面弧度 镜架松紧');
INSERT INTO `propertyvalue` VALUES ('12541', '861', '240', '黑框黑灰片 枪框渐灰片 银框反光膜天蓝片 金框G15片');
INSERT INTO `propertyvalue` VALUES ('12542', '861', '239', '8009');
INSERT INTO `propertyvalue` VALUES ('12543', '861', '238', '其他');
INSERT INTO `propertyvalue` VALUES ('12544', '861', '237', '否');
INSERT INTO `propertyvalue` VALUES ('12545', '861', '236', '镜布 镜盒');
INSERT INTO `propertyvalue` VALUES ('12546', '861', '235', '100 - 200元');
INSERT INTO `propertyvalue` VALUES ('12547', '861', '234', '个性 舒适 运动');
INSERT INTO `propertyvalue` VALUES ('12548', '861', '233', '男');
INSERT INTO `propertyvalue` VALUES ('12549', '861', '232', '防UVA 防UVB 偏光');
INSERT INTO `propertyvalue` VALUES ('12550', '861', '231', '8009');
INSERT INTO `propertyvalue` VALUES ('12551', '861', '230', '2014年春夏季');
INSERT INTO `propertyvalue` VALUES ('12552', '861', '229', '厦门');
INSERT INTO `propertyvalue` VALUES ('12553', '861', '228', 'PARZIN/帕森');
INSERT INTO `propertyvalue` VALUES ('12554', '862', '242', '圆脸 长脸 方脸 椭圆形脸');
INSERT INTO `propertyvalue` VALUES ('12555', '862', '241', '镜面弧度 镜架松紧');
INSERT INTO `propertyvalue` VALUES ('12556', '862', '240', '黑框黑灰片 枪框渐灰片 银框反光膜天蓝片 金框G15片');
INSERT INTO `propertyvalue` VALUES ('12557', '862', '239', '8009');
INSERT INTO `propertyvalue` VALUES ('12558', '862', '238', '其他');
INSERT INTO `propertyvalue` VALUES ('12559', '862', '237', '否');
INSERT INTO `propertyvalue` VALUES ('12560', '862', '236', '镜布 镜盒');
INSERT INTO `propertyvalue` VALUES ('12561', '862', '235', '100 - 200元');
INSERT INTO `propertyvalue` VALUES ('12562', '862', '234', '个性 舒适 运动');
INSERT INTO `propertyvalue` VALUES ('12563', '862', '233', '男');
INSERT INTO `propertyvalue` VALUES ('12564', '862', '232', '防UVA 防UVB 偏光');
INSERT INTO `propertyvalue` VALUES ('12565', '862', '231', '8009');
INSERT INTO `propertyvalue` VALUES ('12566', '862', '230', '2014年春夏季');
INSERT INTO `propertyvalue` VALUES ('12567', '862', '229', '厦门');
INSERT INTO `propertyvalue` VALUES ('12568', '862', '228', 'PARZIN/帕森');
INSERT INTO `propertyvalue` VALUES ('12569', '863', '242', '圆脸 长脸 方脸 椭圆形脸');
INSERT INTO `propertyvalue` VALUES ('12570', '863', '241', '镜面弧度 镜架松紧');
INSERT INTO `propertyvalue` VALUES ('12571', '863', '240', '黑框黑灰片 枪框渐灰片 银框反光膜天蓝片 金框G15片');
INSERT INTO `propertyvalue` VALUES ('12572', '863', '239', '8009');
INSERT INTO `propertyvalue` VALUES ('12573', '863', '238', '其他');
INSERT INTO `propertyvalue` VALUES ('12574', '863', '237', '否');
INSERT INTO `propertyvalue` VALUES ('12575', '863', '236', '镜布 镜盒');
INSERT INTO `propertyvalue` VALUES ('12576', '863', '235', '100 - 200元');
INSERT INTO `propertyvalue` VALUES ('12577', '863', '234', '个性 舒适 运动');
INSERT INTO `propertyvalue` VALUES ('12578', '863', '233', '男');
INSERT INTO `propertyvalue` VALUES ('12579', '863', '232', '防UVA 防UVB 偏光');
INSERT INTO `propertyvalue` VALUES ('12580', '863', '231', '8009');
INSERT INTO `propertyvalue` VALUES ('12581', '863', '230', '2014年春夏季');
INSERT INTO `propertyvalue` VALUES ('12582', '863', '229', '厦门');
INSERT INTO `propertyvalue` VALUES ('12583', '863', '228', 'PARZIN/帕森');
INSERT INTO `propertyvalue` VALUES ('12584', '864', '242', '圆脸 长脸 方脸 椭圆形脸');
INSERT INTO `propertyvalue` VALUES ('12585', '864', '241', '镜面弧度 镜架松紧');
INSERT INTO `propertyvalue` VALUES ('12586', '864', '240', '黑框黑灰片 枪框渐灰片 银框反光膜天蓝片 金框G15片');
INSERT INTO `propertyvalue` VALUES ('12587', '864', '239', '8009');
INSERT INTO `propertyvalue` VALUES ('12588', '864', '238', '其他');
INSERT INTO `propertyvalue` VALUES ('12589', '864', '237', '否');
INSERT INTO `propertyvalue` VALUES ('12590', '864', '236', '镜布 镜盒');
INSERT INTO `propertyvalue` VALUES ('12591', '864', '235', '100 - 200元');
INSERT INTO `propertyvalue` VALUES ('12592', '864', '234', '个性 舒适 运动');
INSERT INTO `propertyvalue` VALUES ('12593', '864', '233', '男');
INSERT INTO `propertyvalue` VALUES ('12594', '864', '232', '防UVA 防UVB 偏光');
INSERT INTO `propertyvalue` VALUES ('12595', '864', '231', '8009');
INSERT INTO `propertyvalue` VALUES ('12596', '864', '230', '2014年春夏季');
INSERT INTO `propertyvalue` VALUES ('12597', '864', '229', '厦门');
INSERT INTO `propertyvalue` VALUES ('12598', '864', '228', 'PARZIN/帕森');
INSERT INTO `propertyvalue` VALUES ('12599', '865', '242', '圆脸 长脸 方脸 椭圆形脸');
INSERT INTO `propertyvalue` VALUES ('12600', '865', '241', '镜面弧度 镜架松紧');
INSERT INTO `propertyvalue` VALUES ('12601', '865', '240', '黑框黑灰片 枪框渐灰片 银框反光膜天蓝片 金框G15片');
INSERT INTO `propertyvalue` VALUES ('12602', '865', '239', '8009');
INSERT INTO `propertyvalue` VALUES ('12603', '865', '238', '其他');
INSERT INTO `propertyvalue` VALUES ('12604', '865', '237', '否');
INSERT INTO `propertyvalue` VALUES ('12605', '865', '236', '镜布 镜盒');
INSERT INTO `propertyvalue` VALUES ('12606', '865', '235', '100 - 200元');
INSERT INTO `propertyvalue` VALUES ('12607', '865', '234', '个性 舒适 运动');
INSERT INTO `propertyvalue` VALUES ('12608', '865', '233', '男');
INSERT INTO `propertyvalue` VALUES ('12609', '865', '232', '防UVA 防UVB 偏光');
INSERT INTO `propertyvalue` VALUES ('12610', '865', '231', '8009');
INSERT INTO `propertyvalue` VALUES ('12611', '865', '230', '2014年春夏季');
INSERT INTO `propertyvalue` VALUES ('12612', '865', '229', '厦门');
INSERT INTO `propertyvalue` VALUES ('12613', '865', '228', 'PARZIN/帕森');
INSERT INTO `propertyvalue` VALUES ('12614', '866', '242', '圆脸 长脸 方脸 椭圆形脸');
INSERT INTO `propertyvalue` VALUES ('12615', '866', '241', '镜面弧度 镜架松紧');
INSERT INTO `propertyvalue` VALUES ('12616', '866', '240', '黑框黑灰片 枪框渐灰片 银框反光膜天蓝片 金框G15片');
INSERT INTO `propertyvalue` VALUES ('12617', '866', '239', '8009');
INSERT INTO `propertyvalue` VALUES ('12618', '866', '238', '其他');
INSERT INTO `propertyvalue` VALUES ('12619', '866', '237', '否');
INSERT INTO `propertyvalue` VALUES ('12620', '866', '236', '镜布 镜盒');
INSERT INTO `propertyvalue` VALUES ('12621', '866', '235', '100 - 200元');
INSERT INTO `propertyvalue` VALUES ('12622', '866', '234', '个性 舒适 运动');
INSERT INTO `propertyvalue` VALUES ('12623', '866', '233', '男');
INSERT INTO `propertyvalue` VALUES ('12624', '866', '232', '防UVA 防UVB 偏光');
INSERT INTO `propertyvalue` VALUES ('12625', '866', '231', '8009');
INSERT INTO `propertyvalue` VALUES ('12626', '866', '230', '2014年春夏季');
INSERT INTO `propertyvalue` VALUES ('12627', '866', '229', '厦门');
INSERT INTO `propertyvalue` VALUES ('12628', '866', '228', 'PARZIN/帕森');
INSERT INTO `propertyvalue` VALUES ('12629', '867', '242', '圆脸 长脸 方脸 椭圆形脸');
INSERT INTO `propertyvalue` VALUES ('12630', '867', '241', '镜面弧度 镜架松紧');
INSERT INTO `propertyvalue` VALUES ('12631', '867', '240', '黑框黑灰片 枪框渐灰片 银框反光膜天蓝片 金框G15片');
INSERT INTO `propertyvalue` VALUES ('12632', '867', '239', '8009');
INSERT INTO `propertyvalue` VALUES ('12633', '867', '238', '其他');
INSERT INTO `propertyvalue` VALUES ('12634', '867', '237', '否');
INSERT INTO `propertyvalue` VALUES ('12635', '867', '236', '镜布 镜盒');
INSERT INTO `propertyvalue` VALUES ('12636', '867', '235', '100 - 200元');
INSERT INTO `propertyvalue` VALUES ('12637', '867', '234', '个性 舒适 运动');
INSERT INTO `propertyvalue` VALUES ('12638', '867', '233', '男');
INSERT INTO `propertyvalue` VALUES ('12639', '867', '232', '防UVA 防UVB 偏光');
INSERT INTO `propertyvalue` VALUES ('12640', '867', '231', '8009');
INSERT INTO `propertyvalue` VALUES ('12641', '867', '230', '2014年春夏季');
INSERT INTO `propertyvalue` VALUES ('12642', '867', '229', '厦门');
INSERT INTO `propertyvalue` VALUES ('12643', '867', '228', 'PARZIN/帕森');
INSERT INTO `propertyvalue` VALUES ('12644', '868', '242', '圆脸 长脸 方脸 椭圆形脸');
INSERT INTO `propertyvalue` VALUES ('12645', '868', '241', '镜面弧度 镜架松紧');
INSERT INTO `propertyvalue` VALUES ('12646', '868', '240', '黑框黑灰片 枪框渐灰片 银框反光膜天蓝片 金框G15片');
INSERT INTO `propertyvalue` VALUES ('12647', '868', '239', '8009');
INSERT INTO `propertyvalue` VALUES ('12648', '868', '238', '其他');
INSERT INTO `propertyvalue` VALUES ('12649', '868', '237', '否');
INSERT INTO `propertyvalue` VALUES ('12650', '868', '236', '镜布 镜盒');
INSERT INTO `propertyvalue` VALUES ('12651', '868', '235', '100 - 200元');
INSERT INTO `propertyvalue` VALUES ('12652', '868', '234', '个性 舒适 运动');
INSERT INTO `propertyvalue` VALUES ('12653', '868', '233', '男');
INSERT INTO `propertyvalue` VALUES ('12654', '868', '232', '防UVA 防UVB 偏光');
INSERT INTO `propertyvalue` VALUES ('12655', '868', '231', '8009');
INSERT INTO `propertyvalue` VALUES ('12656', '868', '230', '2014年春夏季');
INSERT INTO `propertyvalue` VALUES ('12657', '868', '229', '厦门');
INSERT INTO `propertyvalue` VALUES ('12658', '868', '228', 'PARZIN/帕森');
INSERT INTO `propertyvalue` VALUES ('12659', '869', '242', '圆脸 长脸 方脸 椭圆形脸');
INSERT INTO `propertyvalue` VALUES ('12660', '869', '241', '镜面弧度 镜架松紧');
INSERT INTO `propertyvalue` VALUES ('12661', '869', '240', '黑框黑灰片 枪框渐灰片 银框反光膜天蓝片 金框G15片');
INSERT INTO `propertyvalue` VALUES ('12662', '869', '239', '8009');
INSERT INTO `propertyvalue` VALUES ('12663', '869', '238', '其他');
INSERT INTO `propertyvalue` VALUES ('12664', '869', '237', '否');
INSERT INTO `propertyvalue` VALUES ('12665', '869', '236', '镜布 镜盒');
INSERT INTO `propertyvalue` VALUES ('12666', '869', '235', '100 - 200元');
INSERT INTO `propertyvalue` VALUES ('12667', '869', '234', '个性 舒适 运动');
INSERT INTO `propertyvalue` VALUES ('12668', '869', '233', '男');
INSERT INTO `propertyvalue` VALUES ('12669', '869', '232', '防UVA 防UVB 偏光');
INSERT INTO `propertyvalue` VALUES ('12670', '869', '231', '8009');
INSERT INTO `propertyvalue` VALUES ('12671', '869', '230', '2014年春夏季');
INSERT INTO `propertyvalue` VALUES ('12672', '869', '229', '厦门');
INSERT INTO `propertyvalue` VALUES ('12673', '869', '228', 'PARZIN/帕森');
INSERT INTO `propertyvalue` VALUES ('12674', '870', '242', '圆脸 长脸 方脸 椭圆形脸');
INSERT INTO `propertyvalue` VALUES ('12675', '870', '241', '镜面弧度 镜架松紧');
INSERT INTO `propertyvalue` VALUES ('12676', '870', '240', '黑框黑灰片 枪框渐灰片 银框反光膜天蓝片 金框G15片');
INSERT INTO `propertyvalue` VALUES ('12677', '870', '239', '8009');
INSERT INTO `propertyvalue` VALUES ('12678', '870', '238', '其他');
INSERT INTO `propertyvalue` VALUES ('12679', '870', '237', '否');
INSERT INTO `propertyvalue` VALUES ('12680', '870', '236', '镜布 镜盒');
INSERT INTO `propertyvalue` VALUES ('12681', '870', '235', '100 - 200元');
INSERT INTO `propertyvalue` VALUES ('12682', '870', '234', '个性 舒适 运动');
INSERT INTO `propertyvalue` VALUES ('12683', '870', '233', '男');
INSERT INTO `propertyvalue` VALUES ('12684', '870', '232', '防UVA 防UVB 偏光');
INSERT INTO `propertyvalue` VALUES ('12685', '870', '231', '8009');
INSERT INTO `propertyvalue` VALUES ('12686', '870', '230', '2014年春夏季');
INSERT INTO `propertyvalue` VALUES ('12687', '870', '229', '厦门');
INSERT INTO `propertyvalue` VALUES ('12688', '870', '228', 'PARZIN/帕森');
INSERT INTO `propertyvalue` VALUES ('12689', '871', '242', '圆脸 长脸 方脸 椭圆形脸');
INSERT INTO `propertyvalue` VALUES ('12690', '871', '241', '镜面弧度 镜架松紧');
INSERT INTO `propertyvalue` VALUES ('12691', '871', '240', '黑框黑灰片 枪框渐灰片 银框反光膜天蓝片 金框G15片');
INSERT INTO `propertyvalue` VALUES ('12692', '871', '239', '8009');
INSERT INTO `propertyvalue` VALUES ('12693', '871', '238', '其他');
INSERT INTO `propertyvalue` VALUES ('12694', '871', '237', '否');
INSERT INTO `propertyvalue` VALUES ('12695', '871', '236', '镜布 镜盒');
INSERT INTO `propertyvalue` VALUES ('12696', '871', '235', '100 - 200元');
INSERT INTO `propertyvalue` VALUES ('12697', '871', '234', '个性 舒适 运动');
INSERT INTO `propertyvalue` VALUES ('12698', '871', '233', '男');
INSERT INTO `propertyvalue` VALUES ('12699', '871', '232', '防UVA 防UVB 偏光');
INSERT INTO `propertyvalue` VALUES ('12700', '871', '231', '8009');
INSERT INTO `propertyvalue` VALUES ('12701', '871', '230', '2014年春夏季');
INSERT INTO `propertyvalue` VALUES ('12702', '871', '229', '厦门');
INSERT INTO `propertyvalue` VALUES ('12703', '871', '228', 'PARZIN/帕森');
INSERT INTO `propertyvalue` VALUES ('12704', '872', '242', '圆脸 长脸 方脸 椭圆形脸');
INSERT INTO `propertyvalue` VALUES ('12705', '872', '241', '镜面弧度 镜架松紧');
INSERT INTO `propertyvalue` VALUES ('12706', '872', '240', '黑框黑灰片 枪框渐灰片 银框反光膜天蓝片 金框G15片');
INSERT INTO `propertyvalue` VALUES ('12707', '872', '239', '8009');
INSERT INTO `propertyvalue` VALUES ('12708', '872', '238', '其他');
INSERT INTO `propertyvalue` VALUES ('12709', '872', '237', '否');
INSERT INTO `propertyvalue` VALUES ('12710', '872', '236', '镜布 镜盒');
INSERT INTO `propertyvalue` VALUES ('12711', '872', '235', '100 - 200元');
INSERT INTO `propertyvalue` VALUES ('12712', '872', '234', '个性 舒适 运动');
INSERT INTO `propertyvalue` VALUES ('12713', '872', '233', '男');
INSERT INTO `propertyvalue` VALUES ('12714', '872', '232', '防UVA 防UVB 偏光');
INSERT INTO `propertyvalue` VALUES ('12715', '872', '231', '8009');
INSERT INTO `propertyvalue` VALUES ('12716', '872', '230', '2014年春夏季');
INSERT INTO `propertyvalue` VALUES ('12717', '872', '229', '厦门');
INSERT INTO `propertyvalue` VALUES ('12718', '872', '228', 'PARZIN/帕森');
INSERT INTO `propertyvalue` VALUES ('12719', '873', '242', '圆脸 长脸 方脸 椭圆形脸');
INSERT INTO `propertyvalue` VALUES ('12720', '873', '241', '镜面弧度 镜架松紧');
INSERT INTO `propertyvalue` VALUES ('12721', '873', '240', '黑框黑灰片 枪框渐灰片 银框反光膜天蓝片 金框G15片');
INSERT INTO `propertyvalue` VALUES ('12722', '873', '239', '8009');
INSERT INTO `propertyvalue` VALUES ('12723', '873', '238', '其他');
INSERT INTO `propertyvalue` VALUES ('12724', '873', '237', '否');
INSERT INTO `propertyvalue` VALUES ('12725', '873', '236', '镜布 镜盒');
INSERT INTO `propertyvalue` VALUES ('12726', '873', '235', '100 - 200元');
INSERT INTO `propertyvalue` VALUES ('12727', '873', '234', '个性 舒适 运动');
INSERT INTO `propertyvalue` VALUES ('12728', '873', '233', '男');
INSERT INTO `propertyvalue` VALUES ('12729', '873', '232', '防UVA 防UVB 偏光');
INSERT INTO `propertyvalue` VALUES ('12730', '873', '231', '8009');
INSERT INTO `propertyvalue` VALUES ('12731', '873', '230', '2014年春夏季');
INSERT INTO `propertyvalue` VALUES ('12732', '873', '229', '厦门');
INSERT INTO `propertyvalue` VALUES ('12733', '873', '228', 'PARZIN/帕森');
INSERT INTO `propertyvalue` VALUES ('12734', '874', '242', '圆脸 长脸 方脸 椭圆形脸');
INSERT INTO `propertyvalue` VALUES ('12735', '874', '241', '镜面弧度 镜架松紧');
INSERT INTO `propertyvalue` VALUES ('12736', '874', '240', '黑框黑灰片 枪框渐灰片 银框反光膜天蓝片 金框G15片');
INSERT INTO `propertyvalue` VALUES ('12737', '874', '239', '8009');
INSERT INTO `propertyvalue` VALUES ('12738', '874', '238', '其他');
INSERT INTO `propertyvalue` VALUES ('12739', '874', '237', '否');
INSERT INTO `propertyvalue` VALUES ('12740', '874', '236', '镜布 镜盒');
INSERT INTO `propertyvalue` VALUES ('12741', '874', '235', '100 - 200元');
INSERT INTO `propertyvalue` VALUES ('12742', '874', '234', '个性 舒适 运动');
INSERT INTO `propertyvalue` VALUES ('12743', '874', '233', '男');
INSERT INTO `propertyvalue` VALUES ('12744', '874', '232', '防UVA 防UVB 偏光');
INSERT INTO `propertyvalue` VALUES ('12745', '874', '231', '8009');
INSERT INTO `propertyvalue` VALUES ('12746', '874', '230', '2014年春夏季');
INSERT INTO `propertyvalue` VALUES ('12747', '874', '229', '厦门');
INSERT INTO `propertyvalue` VALUES ('12748', '874', '228', 'PARZIN/帕森');
INSERT INTO `propertyvalue` VALUES ('12749', '875', '242', '圆脸 长脸 方脸 椭圆形脸');
INSERT INTO `propertyvalue` VALUES ('12750', '875', '241', '镜面弧度 镜架松紧');
INSERT INTO `propertyvalue` VALUES ('12751', '875', '240', '黑框黑灰片 枪框渐灰片 银框反光膜天蓝片 金框G15片');
INSERT INTO `propertyvalue` VALUES ('12752', '875', '239', '8009');
INSERT INTO `propertyvalue` VALUES ('12753', '875', '238', '其他');
INSERT INTO `propertyvalue` VALUES ('12754', '875', '237', '否');
INSERT INTO `propertyvalue` VALUES ('12755', '875', '236', '镜布 镜盒');
INSERT INTO `propertyvalue` VALUES ('12756', '875', '235', '100 - 200元');
INSERT INTO `propertyvalue` VALUES ('12757', '875', '234', '个性 舒适 运动');
INSERT INTO `propertyvalue` VALUES ('12758', '875', '233', '男');
INSERT INTO `propertyvalue` VALUES ('12759', '875', '232', '防UVA 防UVB 偏光');
INSERT INTO `propertyvalue` VALUES ('12760', '875', '231', '8009');
INSERT INTO `propertyvalue` VALUES ('12761', '875', '230', '2014年春夏季');
INSERT INTO `propertyvalue` VALUES ('12762', '875', '229', '厦门');
INSERT INTO `propertyvalue` VALUES ('12763', '875', '228', 'PARZIN/帕森');
INSERT INTO `propertyvalue` VALUES ('12764', '876', '242', '圆脸 长脸 方脸 椭圆形脸');
INSERT INTO `propertyvalue` VALUES ('12765', '876', '241', '镜面弧度 镜架松紧');
INSERT INTO `propertyvalue` VALUES ('12766', '876', '240', '黑框黑灰片 枪框渐灰片 银框反光膜天蓝片 金框G15片');
INSERT INTO `propertyvalue` VALUES ('12767', '876', '239', '8009');
INSERT INTO `propertyvalue` VALUES ('12768', '876', '238', '其他');
INSERT INTO `propertyvalue` VALUES ('12769', '876', '237', '否');
INSERT INTO `propertyvalue` VALUES ('12770', '876', '236', '镜布 镜盒');
INSERT INTO `propertyvalue` VALUES ('12771', '876', '235', '100 - 200元');
INSERT INTO `propertyvalue` VALUES ('12772', '876', '234', '个性 舒适 运动');
INSERT INTO `propertyvalue` VALUES ('12773', '876', '233', '男');
INSERT INTO `propertyvalue` VALUES ('12774', '876', '232', '防UVA 防UVB 偏光');
INSERT INTO `propertyvalue` VALUES ('12775', '876', '231', '8009');
INSERT INTO `propertyvalue` VALUES ('12776', '876', '230', '2014年春夏季');
INSERT INTO `propertyvalue` VALUES ('12777', '876', '229', '厦门');
INSERT INTO `propertyvalue` VALUES ('12778', '876', '228', 'PARZIN/帕森');
INSERT INTO `propertyvalue` VALUES ('12779', '877', '242', '圆脸 长脸 方脸 椭圆形脸');
INSERT INTO `propertyvalue` VALUES ('12780', '877', '241', '镜面弧度 镜架松紧');
INSERT INTO `propertyvalue` VALUES ('12781', '877', '240', '黑框黑灰片 枪框渐灰片 银框反光膜天蓝片 金框G15片');
INSERT INTO `propertyvalue` VALUES ('12782', '877', '239', '8009');
INSERT INTO `propertyvalue` VALUES ('12783', '877', '238', '其他');
INSERT INTO `propertyvalue` VALUES ('12784', '877', '237', '否');
INSERT INTO `propertyvalue` VALUES ('12785', '877', '236', '镜布 镜盒');
INSERT INTO `propertyvalue` VALUES ('12786', '877', '235', '100 - 200元');
INSERT INTO `propertyvalue` VALUES ('12787', '877', '234', '个性 舒适 运动');
INSERT INTO `propertyvalue` VALUES ('12788', '877', '233', '男');
INSERT INTO `propertyvalue` VALUES ('12789', '877', '232', '防UVA 防UVB 偏光');
INSERT INTO `propertyvalue` VALUES ('12790', '877', '231', '8009');
INSERT INTO `propertyvalue` VALUES ('12791', '877', '230', '2014年春夏季');
INSERT INTO `propertyvalue` VALUES ('12792', '877', '229', '厦门');
INSERT INTO `propertyvalue` VALUES ('12793', '877', '228', 'PARZIN/帕森');
INSERT INTO `propertyvalue` VALUES ('12794', '878', '242', '圆脸 长脸 方脸 椭圆形脸');
INSERT INTO `propertyvalue` VALUES ('12795', '878', '241', '镜面弧度 镜架松紧');
INSERT INTO `propertyvalue` VALUES ('12796', '878', '240', '黑框黑灰片 枪框渐灰片 银框反光膜天蓝片 金框G15片');
INSERT INTO `propertyvalue` VALUES ('12797', '878', '239', '8009');
INSERT INTO `propertyvalue` VALUES ('12798', '878', '238', '其他');
INSERT INTO `propertyvalue` VALUES ('12799', '878', '237', '否');
INSERT INTO `propertyvalue` VALUES ('12800', '878', '236', '镜布 镜盒');
INSERT INTO `propertyvalue` VALUES ('12801', '878', '235', '100 - 200元');
INSERT INTO `propertyvalue` VALUES ('12802', '878', '234', '个性 舒适 运动');
INSERT INTO `propertyvalue` VALUES ('12803', '878', '233', '男');
INSERT INTO `propertyvalue` VALUES ('12804', '878', '232', '防UVA 防UVB 偏光');
INSERT INTO `propertyvalue` VALUES ('12805', '878', '231', '8009');
INSERT INTO `propertyvalue` VALUES ('12806', '878', '230', '2014年春夏季');
INSERT INTO `propertyvalue` VALUES ('12807', '878', '229', '厦门');
INSERT INTO `propertyvalue` VALUES ('12808', '878', '228', 'PARZIN/帕森');
INSERT INTO `propertyvalue` VALUES ('12809', '879', '242', '圆脸 长脸 方脸 椭圆形脸');
INSERT INTO `propertyvalue` VALUES ('12810', '879', '241', '镜面弧度 镜架松紧');
INSERT INTO `propertyvalue` VALUES ('12811', '879', '240', '黑框黑灰片 枪框渐灰片 银框反光膜天蓝片 金框G15片');
INSERT INTO `propertyvalue` VALUES ('12812', '879', '239', '8009');
INSERT INTO `propertyvalue` VALUES ('12813', '879', '238', '其他');
INSERT INTO `propertyvalue` VALUES ('12814', '879', '237', '否');
INSERT INTO `propertyvalue` VALUES ('12815', '879', '236', '镜布 镜盒');
INSERT INTO `propertyvalue` VALUES ('12816', '879', '235', '100 - 200元');
INSERT INTO `propertyvalue` VALUES ('12817', '879', '234', '个性 舒适 运动');
INSERT INTO `propertyvalue` VALUES ('12818', '879', '233', '男');
INSERT INTO `propertyvalue` VALUES ('12819', '879', '232', '防UVA 防UVB 偏光');
INSERT INTO `propertyvalue` VALUES ('12820', '879', '231', '8009');
INSERT INTO `propertyvalue` VALUES ('12821', '879', '230', '2014年春夏季');
INSERT INTO `propertyvalue` VALUES ('12822', '879', '229', '厦门');
INSERT INTO `propertyvalue` VALUES ('12823', '879', '228', 'PARZIN/帕森');
INSERT INTO `propertyvalue` VALUES ('12824', '880', '242', '圆脸 长脸 方脸 椭圆形脸');
INSERT INTO `propertyvalue` VALUES ('12825', '880', '241', '镜面弧度 镜架松紧');
INSERT INTO `propertyvalue` VALUES ('12826', '880', '240', '黑框黑灰片 枪框渐灰片 银框反光膜天蓝片 金框G15片');
INSERT INTO `propertyvalue` VALUES ('12827', '880', '239', '8009');
INSERT INTO `propertyvalue` VALUES ('12828', '880', '238', '其他');
INSERT INTO `propertyvalue` VALUES ('12829', '880', '237', '否');
INSERT INTO `propertyvalue` VALUES ('12830', '880', '236', '镜布 镜盒');
INSERT INTO `propertyvalue` VALUES ('12831', '880', '235', '100 - 200元');
INSERT INTO `propertyvalue` VALUES ('12832', '880', '234', '个性 舒适 运动');
INSERT INTO `propertyvalue` VALUES ('12833', '880', '233', '男');
INSERT INTO `propertyvalue` VALUES ('12834', '880', '232', '防UVA 防UVB 偏光');
INSERT INTO `propertyvalue` VALUES ('12835', '880', '231', '8009');
INSERT INTO `propertyvalue` VALUES ('12836', '880', '230', '2014年春夏季');
INSERT INTO `propertyvalue` VALUES ('12837', '880', '229', '厦门');
INSERT INTO `propertyvalue` VALUES ('12838', '880', '228', 'PARZIN/帕森');
INSERT INTO `propertyvalue` VALUES ('12839', '881', '242', '圆脸 长脸 方脸 椭圆形脸');
INSERT INTO `propertyvalue` VALUES ('12840', '881', '241', '镜面弧度 镜架松紧');
INSERT INTO `propertyvalue` VALUES ('12841', '881', '240', '黑框黑灰片 枪框渐灰片 银框反光膜天蓝片 金框G15片');
INSERT INTO `propertyvalue` VALUES ('12842', '881', '239', '8009');
INSERT INTO `propertyvalue` VALUES ('12843', '881', '238', '其他');
INSERT INTO `propertyvalue` VALUES ('12844', '881', '237', '否');
INSERT INTO `propertyvalue` VALUES ('12845', '881', '236', '镜布 镜盒');
INSERT INTO `propertyvalue` VALUES ('12846', '881', '235', '100 - 200元');
INSERT INTO `propertyvalue` VALUES ('12847', '881', '234', '个性 舒适 运动');
INSERT INTO `propertyvalue` VALUES ('12848', '881', '233', '男');
INSERT INTO `propertyvalue` VALUES ('12849', '881', '232', '防UVA 防UVB 偏光');
INSERT INTO `propertyvalue` VALUES ('12850', '881', '231', '8009');
INSERT INTO `propertyvalue` VALUES ('12851', '881', '230', '2014年春夏季');
INSERT INTO `propertyvalue` VALUES ('12852', '881', '229', '厦门');
INSERT INTO `propertyvalue` VALUES ('12853', '881', '228', 'PARZIN/帕森');
INSERT INTO `propertyvalue` VALUES ('12854', '882', '242', '圆脸 长脸 方脸 椭圆形脸');
INSERT INTO `propertyvalue` VALUES ('12855', '882', '241', '镜面弧度 镜架松紧');
INSERT INTO `propertyvalue` VALUES ('12856', '882', '240', '黑框黑灰片 枪框渐灰片 银框反光膜天蓝片 金框G15片');
INSERT INTO `propertyvalue` VALUES ('12857', '882', '239', '8009');
INSERT INTO `propertyvalue` VALUES ('12858', '882', '238', '其他');
INSERT INTO `propertyvalue` VALUES ('12859', '882', '237', '否');
INSERT INTO `propertyvalue` VALUES ('12860', '882', '236', '镜布 镜盒');
INSERT INTO `propertyvalue` VALUES ('12861', '882', '235', '100 - 200元');
INSERT INTO `propertyvalue` VALUES ('12862', '882', '234', '个性 舒适 运动');
INSERT INTO `propertyvalue` VALUES ('12863', '882', '233', '男');
INSERT INTO `propertyvalue` VALUES ('12864', '882', '232', '防UVA 防UVB 偏光');
INSERT INTO `propertyvalue` VALUES ('12865', '882', '231', '8009');
INSERT INTO `propertyvalue` VALUES ('12866', '882', '230', '2014年春夏季');
INSERT INTO `propertyvalue` VALUES ('12867', '882', '229', '厦门');
INSERT INTO `propertyvalue` VALUES ('12868', '882', '228', 'PARZIN/帕森');
INSERT INTO `propertyvalue` VALUES ('12869', '883', '242', '圆脸 长脸 方脸 椭圆形脸');
INSERT INTO `propertyvalue` VALUES ('12870', '883', '241', '镜面弧度 镜架松紧');
INSERT INTO `propertyvalue` VALUES ('12871', '883', '240', '黑框黑灰片 枪框渐灰片 银框反光膜天蓝片 金框G15片');
INSERT INTO `propertyvalue` VALUES ('12872', '883', '239', '8009');
INSERT INTO `propertyvalue` VALUES ('12873', '883', '238', '其他');
INSERT INTO `propertyvalue` VALUES ('12874', '883', '237', '否');
INSERT INTO `propertyvalue` VALUES ('12875', '883', '236', '镜布 镜盒');
INSERT INTO `propertyvalue` VALUES ('12876', '883', '235', '100 - 200元');
INSERT INTO `propertyvalue` VALUES ('12877', '883', '234', '个性 舒适 运动');
INSERT INTO `propertyvalue` VALUES ('12878', '883', '233', '男');
INSERT INTO `propertyvalue` VALUES ('12879', '883', '232', '防UVA 防UVB 偏光');
INSERT INTO `propertyvalue` VALUES ('12880', '883', '231', '8009');
INSERT INTO `propertyvalue` VALUES ('12881', '883', '230', '2014年春夏季');
INSERT INTO `propertyvalue` VALUES ('12882', '883', '229', '厦门');
INSERT INTO `propertyvalue` VALUES ('12883', '883', '228', 'PARZIN/帕森');
INSERT INTO `propertyvalue` VALUES ('12884', '884', '242', '圆脸 长脸 方脸 椭圆形脸');
INSERT INTO `propertyvalue` VALUES ('12885', '884', '241', '镜面弧度 镜架松紧');
INSERT INTO `propertyvalue` VALUES ('12886', '884', '240', '黑框黑灰片 枪框渐灰片 银框反光膜天蓝片 金框G15片');
INSERT INTO `propertyvalue` VALUES ('12887', '884', '239', '8009');
INSERT INTO `propertyvalue` VALUES ('12888', '884', '238', '其他');
INSERT INTO `propertyvalue` VALUES ('12889', '884', '237', '否');
INSERT INTO `propertyvalue` VALUES ('12890', '884', '236', '镜布 镜盒');
INSERT INTO `propertyvalue` VALUES ('12891', '884', '235', '100 - 200元');
INSERT INTO `propertyvalue` VALUES ('12892', '884', '234', '个性 舒适 运动');
INSERT INTO `propertyvalue` VALUES ('12893', '884', '233', '男');
INSERT INTO `propertyvalue` VALUES ('12894', '884', '232', '防UVA 防UVB 偏光');
INSERT INTO `propertyvalue` VALUES ('12895', '884', '231', '8009');
INSERT INTO `propertyvalue` VALUES ('12896', '884', '230', '2014年春夏季');
INSERT INTO `propertyvalue` VALUES ('12897', '884', '229', '厦门');
INSERT INTO `propertyvalue` VALUES ('12898', '884', '228', 'PARZIN/帕森');
INSERT INTO `propertyvalue` VALUES ('12899', '885', '242', '圆脸 长脸 方脸 椭圆形脸');
INSERT INTO `propertyvalue` VALUES ('12900', '885', '241', '镜面弧度 镜架松紧');
INSERT INTO `propertyvalue` VALUES ('12901', '885', '240', '黑框黑灰片 枪框渐灰片 银框反光膜天蓝片 金框G15片');
INSERT INTO `propertyvalue` VALUES ('12902', '885', '239', '8009');
INSERT INTO `propertyvalue` VALUES ('12903', '885', '238', '其他');
INSERT INTO `propertyvalue` VALUES ('12904', '885', '237', '否');
INSERT INTO `propertyvalue` VALUES ('12905', '885', '236', '镜布 镜盒');
INSERT INTO `propertyvalue` VALUES ('12906', '885', '235', '100 - 200元');
INSERT INTO `propertyvalue` VALUES ('12907', '885', '234', '个性 舒适 运动');
INSERT INTO `propertyvalue` VALUES ('12908', '885', '233', '男');
INSERT INTO `propertyvalue` VALUES ('12909', '885', '232', '防UVA 防UVB 偏光');
INSERT INTO `propertyvalue` VALUES ('12910', '885', '231', '8009');
INSERT INTO `propertyvalue` VALUES ('12911', '885', '230', '2014年春夏季');
INSERT INTO `propertyvalue` VALUES ('12912', '885', '229', '厦门');
INSERT INTO `propertyvalue` VALUES ('12913', '885', '228', 'PARZIN/帕森');
INSERT INTO `propertyvalue` VALUES ('12914', '886', '242', '圆脸 长脸 方脸 椭圆形脸');
INSERT INTO `propertyvalue` VALUES ('12915', '886', '241', '镜面弧度 镜架松紧');
INSERT INTO `propertyvalue` VALUES ('12916', '886', '240', '黑框黑灰片 枪框渐灰片 银框反光膜天蓝片 金框G15片');
INSERT INTO `propertyvalue` VALUES ('12917', '886', '239', '8009');
INSERT INTO `propertyvalue` VALUES ('12918', '886', '238', '其他');
INSERT INTO `propertyvalue` VALUES ('12919', '886', '237', '否');
INSERT INTO `propertyvalue` VALUES ('12920', '886', '236', '镜布 镜盒');
INSERT INTO `propertyvalue` VALUES ('12921', '886', '235', '100 - 200元');
INSERT INTO `propertyvalue` VALUES ('12922', '886', '234', '个性 舒适 运动');
INSERT INTO `propertyvalue` VALUES ('12923', '886', '233', '男');
INSERT INTO `propertyvalue` VALUES ('12924', '886', '232', '防UVA 防UVB 偏光');
INSERT INTO `propertyvalue` VALUES ('12925', '886', '231', '8009');
INSERT INTO `propertyvalue` VALUES ('12926', '886', '230', '2014年春夏季');
INSERT INTO `propertyvalue` VALUES ('12927', '886', '229', '厦门');
INSERT INTO `propertyvalue` VALUES ('12928', '886', '228', 'PARZIN/帕森');
INSERT INTO `propertyvalue` VALUES ('12929', '887', '242', '圆脸 长脸 方脸 椭圆形脸');
INSERT INTO `propertyvalue` VALUES ('12930', '887', '241', '镜面弧度 镜架松紧');
INSERT INTO `propertyvalue` VALUES ('12931', '887', '240', '黑框黑灰片 枪框渐灰片 银框反光膜天蓝片 金框G15片');
INSERT INTO `propertyvalue` VALUES ('12932', '887', '239', '8009');
INSERT INTO `propertyvalue` VALUES ('12933', '887', '238', '其他');
INSERT INTO `propertyvalue` VALUES ('12934', '887', '237', '否');
INSERT INTO `propertyvalue` VALUES ('12935', '887', '236', '镜布 镜盒');
INSERT INTO `propertyvalue` VALUES ('12936', '887', '235', '100 - 200元');
INSERT INTO `propertyvalue` VALUES ('12937', '887', '234', '个性 舒适 运动');
INSERT INTO `propertyvalue` VALUES ('12938', '887', '233', '男');
INSERT INTO `propertyvalue` VALUES ('12939', '887', '232', '防UVA 防UVB 偏光');
INSERT INTO `propertyvalue` VALUES ('12940', '887', '231', '8009');
INSERT INTO `propertyvalue` VALUES ('12941', '887', '230', '2014年春夏季');
INSERT INTO `propertyvalue` VALUES ('12942', '887', '229', '厦门');
INSERT INTO `propertyvalue` VALUES ('12943', '887', '228', 'PARZIN/帕森');
INSERT INTO `propertyvalue` VALUES ('12944', '888', '242', '圆脸 长脸 方脸 椭圆形脸');
INSERT INTO `propertyvalue` VALUES ('12945', '888', '241', '镜面弧度 镜架松紧');
INSERT INTO `propertyvalue` VALUES ('12946', '888', '240', '黑框黑灰片 枪框渐灰片 银框反光膜天蓝片 金框G15片');
INSERT INTO `propertyvalue` VALUES ('12947', '888', '239', '8009');
INSERT INTO `propertyvalue` VALUES ('12948', '888', '238', '其他');
INSERT INTO `propertyvalue` VALUES ('12949', '888', '237', '否');
INSERT INTO `propertyvalue` VALUES ('12950', '888', '236', '镜布 镜盒');
INSERT INTO `propertyvalue` VALUES ('12951', '888', '235', '100 - 200元');
INSERT INTO `propertyvalue` VALUES ('12952', '888', '234', '个性 舒适 运动');
INSERT INTO `propertyvalue` VALUES ('12953', '888', '233', '男');
INSERT INTO `propertyvalue` VALUES ('12954', '888', '232', '防UVA 防UVB 偏光');
INSERT INTO `propertyvalue` VALUES ('12955', '888', '231', '8009');
INSERT INTO `propertyvalue` VALUES ('12956', '888', '230', '2014年春夏季');
INSERT INTO `propertyvalue` VALUES ('12957', '888', '229', '厦门');
INSERT INTO `propertyvalue` VALUES ('12958', '888', '228', 'PARZIN/帕森');
INSERT INTO `propertyvalue` VALUES ('12959', '889', '242', '圆脸 长脸 方脸 椭圆形脸');
INSERT INTO `propertyvalue` VALUES ('12960', '889', '241', '镜面弧度 镜架松紧');
INSERT INTO `propertyvalue` VALUES ('12961', '889', '240', '黑框黑灰片 枪框渐灰片 银框反光膜天蓝片 金框G15片');
INSERT INTO `propertyvalue` VALUES ('12962', '889', '239', '8009');
INSERT INTO `propertyvalue` VALUES ('12963', '889', '238', '其他');
INSERT INTO `propertyvalue` VALUES ('12964', '889', '237', '否');
INSERT INTO `propertyvalue` VALUES ('12965', '889', '236', '镜布 镜盒');
INSERT INTO `propertyvalue` VALUES ('12966', '889', '235', '100 - 200元');
INSERT INTO `propertyvalue` VALUES ('12967', '889', '234', '个性 舒适 运动');
INSERT INTO `propertyvalue` VALUES ('12968', '889', '233', '男');
INSERT INTO `propertyvalue` VALUES ('12969', '889', '232', '防UVA 防UVB 偏光');
INSERT INTO `propertyvalue` VALUES ('12970', '889', '231', '8009');
INSERT INTO `propertyvalue` VALUES ('12971', '889', '230', '2014年春夏季');
INSERT INTO `propertyvalue` VALUES ('12972', '889', '229', '厦门');
INSERT INTO `propertyvalue` VALUES ('12973', '889', '228', 'PARZIN/帕森');
INSERT INTO `propertyvalue` VALUES ('12974', '890', '242', '圆脸 长脸 方脸 椭圆形脸');
INSERT INTO `propertyvalue` VALUES ('12975', '890', '241', '镜面弧度 镜架松紧');
INSERT INTO `propertyvalue` VALUES ('12976', '890', '240', '黑框黑灰片 枪框渐灰片 银框反光膜天蓝片 金框G15片');
INSERT INTO `propertyvalue` VALUES ('12977', '890', '239', '8009');
INSERT INTO `propertyvalue` VALUES ('12978', '890', '238', '其他');
INSERT INTO `propertyvalue` VALUES ('12979', '890', '237', '否');
INSERT INTO `propertyvalue` VALUES ('12980', '890', '236', '镜布 镜盒');
INSERT INTO `propertyvalue` VALUES ('12981', '890', '235', '100 - 200元');
INSERT INTO `propertyvalue` VALUES ('12982', '890', '234', '个性 舒适 运动');
INSERT INTO `propertyvalue` VALUES ('12983', '890', '233', '男');
INSERT INTO `propertyvalue` VALUES ('12984', '890', '232', '防UVA 防UVB 偏光');
INSERT INTO `propertyvalue` VALUES ('12985', '890', '231', '8009');
INSERT INTO `propertyvalue` VALUES ('12986', '890', '230', '2014年春夏季');
INSERT INTO `propertyvalue` VALUES ('12987', '890', '229', '厦门');
INSERT INTO `propertyvalue` VALUES ('12988', '890', '228', 'PARZIN/帕森');
INSERT INTO `propertyvalue` VALUES ('12989', '891', '242', '圆脸 长脸 方脸 椭圆形脸');
INSERT INTO `propertyvalue` VALUES ('12990', '891', '241', '镜面弧度 镜架松紧');
INSERT INTO `propertyvalue` VALUES ('12991', '891', '240', '黑框黑灰片 枪框渐灰片 银框反光膜天蓝片 金框G15片');
INSERT INTO `propertyvalue` VALUES ('12992', '891', '239', '8009');
INSERT INTO `propertyvalue` VALUES ('12993', '891', '238', '其他');
INSERT INTO `propertyvalue` VALUES ('12994', '891', '237', '否');
INSERT INTO `propertyvalue` VALUES ('12995', '891', '236', '镜布 镜盒');
INSERT INTO `propertyvalue` VALUES ('12996', '891', '235', '100 - 200元');
INSERT INTO `propertyvalue` VALUES ('12997', '891', '234', '个性 舒适 运动');
INSERT INTO `propertyvalue` VALUES ('12998', '891', '233', '男');
INSERT INTO `propertyvalue` VALUES ('12999', '891', '232', '防UVA 防UVB 偏光');
INSERT INTO `propertyvalue` VALUES ('13000', '891', '231', '8009');
INSERT INTO `propertyvalue` VALUES ('13001', '891', '230', '2014年春夏季');
INSERT INTO `propertyvalue` VALUES ('13002', '891', '229', '厦门');
INSERT INTO `propertyvalue` VALUES ('13003', '891', '228', 'PARZIN/帕森');
INSERT INTO `propertyvalue` VALUES ('13004', '892', '242', '圆脸 长脸 方脸 椭圆形脸');
INSERT INTO `propertyvalue` VALUES ('13005', '892', '241', '镜面弧度 镜架松紧');
INSERT INTO `propertyvalue` VALUES ('13006', '892', '240', '黑框黑灰片 枪框渐灰片 银框反光膜天蓝片 金框G15片');
INSERT INTO `propertyvalue` VALUES ('13007', '892', '239', '8009');
INSERT INTO `propertyvalue` VALUES ('13008', '892', '238', '其他');
INSERT INTO `propertyvalue` VALUES ('13009', '892', '237', '否');
INSERT INTO `propertyvalue` VALUES ('13010', '892', '236', '镜布 镜盒');
INSERT INTO `propertyvalue` VALUES ('13011', '892', '235', '100 - 200元');
INSERT INTO `propertyvalue` VALUES ('13012', '892', '234', '个性 舒适 运动');
INSERT INTO `propertyvalue` VALUES ('13013', '892', '233', '男');
INSERT INTO `propertyvalue` VALUES ('13014', '892', '232', '防UVA 防UVB 偏光');
INSERT INTO `propertyvalue` VALUES ('13015', '892', '231', '8009');
INSERT INTO `propertyvalue` VALUES ('13016', '892', '230', '2014年春夏季');
INSERT INTO `propertyvalue` VALUES ('13017', '892', '229', '厦门');
INSERT INTO `propertyvalue` VALUES ('13018', '892', '228', 'PARZIN/帕森');
INSERT INTO `propertyvalue` VALUES ('13019', '893', '242', '圆脸 长脸 方脸 椭圆形脸');
INSERT INTO `propertyvalue` VALUES ('13020', '893', '241', '镜面弧度 镜架松紧');
INSERT INTO `propertyvalue` VALUES ('13021', '893', '240', '黑框黑灰片 枪框渐灰片 银框反光膜天蓝片 金框G15片');
INSERT INTO `propertyvalue` VALUES ('13022', '893', '239', '8009');
INSERT INTO `propertyvalue` VALUES ('13023', '893', '238', '其他');
INSERT INTO `propertyvalue` VALUES ('13024', '893', '237', '否');
INSERT INTO `propertyvalue` VALUES ('13025', '893', '236', '镜布 镜盒');
INSERT INTO `propertyvalue` VALUES ('13026', '893', '235', '100 - 200元');
INSERT INTO `propertyvalue` VALUES ('13027', '893', '234', '个性 舒适 运动');
INSERT INTO `propertyvalue` VALUES ('13028', '893', '233', '男');
INSERT INTO `propertyvalue` VALUES ('13029', '893', '232', '防UVA 防UVB 偏光');
INSERT INTO `propertyvalue` VALUES ('13030', '893', '231', '8009');
INSERT INTO `propertyvalue` VALUES ('13031', '893', '230', '2014年春夏季');
INSERT INTO `propertyvalue` VALUES ('13032', '893', '229', '厦门');
INSERT INTO `propertyvalue` VALUES ('13033', '893', '228', 'PARZIN/帕森');
INSERT INTO `propertyvalue` VALUES ('13034', '894', '242', '圆脸 长脸 方脸 椭圆形脸');
INSERT INTO `propertyvalue` VALUES ('13035', '894', '241', '镜面弧度 镜架松紧');
INSERT INTO `propertyvalue` VALUES ('13036', '894', '240', '黑框黑灰片 枪框渐灰片 银框反光膜天蓝片 金框G15片');
INSERT INTO `propertyvalue` VALUES ('13037', '894', '239', '8009');
INSERT INTO `propertyvalue` VALUES ('13038', '894', '238', '其他');
INSERT INTO `propertyvalue` VALUES ('13039', '894', '237', '否');
INSERT INTO `propertyvalue` VALUES ('13040', '894', '236', '镜布 镜盒');
INSERT INTO `propertyvalue` VALUES ('13041', '894', '235', '100 - 200元');
INSERT INTO `propertyvalue` VALUES ('13042', '894', '234', '个性 舒适 运动');
INSERT INTO `propertyvalue` VALUES ('13043', '894', '233', '男');
INSERT INTO `propertyvalue` VALUES ('13044', '894', '232', '防UVA 防UVB 偏光');
INSERT INTO `propertyvalue` VALUES ('13045', '894', '231', '8009');
INSERT INTO `propertyvalue` VALUES ('13046', '894', '230', '2014年春夏季');
INSERT INTO `propertyvalue` VALUES ('13047', '894', '229', '厦门');
INSERT INTO `propertyvalue` VALUES ('13048', '894', '228', 'PARZIN/帕森');
INSERT INTO `propertyvalue` VALUES ('13049', '895', '242', '圆脸 长脸 方脸 椭圆形脸');
INSERT INTO `propertyvalue` VALUES ('13050', '895', '241', '镜面弧度 镜架松紧');
INSERT INTO `propertyvalue` VALUES ('13051', '895', '240', '黑框黑灰片 枪框渐灰片 银框反光膜天蓝片 金框G15片');
INSERT INTO `propertyvalue` VALUES ('13052', '895', '239', '8009');
INSERT INTO `propertyvalue` VALUES ('13053', '895', '238', '其他');
INSERT INTO `propertyvalue` VALUES ('13054', '895', '237', '否');
INSERT INTO `propertyvalue` VALUES ('13055', '895', '236', '镜布 镜盒');
INSERT INTO `propertyvalue` VALUES ('13056', '895', '235', '100 - 200元');
INSERT INTO `propertyvalue` VALUES ('13057', '895', '234', '个性 舒适 运动');
INSERT INTO `propertyvalue` VALUES ('13058', '895', '233', '男');
INSERT INTO `propertyvalue` VALUES ('13059', '895', '232', '防UVA 防UVB 偏光');
INSERT INTO `propertyvalue` VALUES ('13060', '895', '231', '8009');
INSERT INTO `propertyvalue` VALUES ('13061', '895', '230', '2014年春夏季');
INSERT INTO `propertyvalue` VALUES ('13062', '895', '229', '厦门');
INSERT INTO `propertyvalue` VALUES ('13063', '895', '228', 'PARZIN/帕森');
INSERT INTO `propertyvalue` VALUES ('13064', '896', '242', '圆脸 长脸 方脸 椭圆形脸');
INSERT INTO `propertyvalue` VALUES ('13065', '896', '241', '镜面弧度 镜架松紧');
INSERT INTO `propertyvalue` VALUES ('13066', '896', '240', '黑框黑灰片 枪框渐灰片 银框反光膜天蓝片 金框G15片');
INSERT INTO `propertyvalue` VALUES ('13067', '896', '239', '8009');
INSERT INTO `propertyvalue` VALUES ('13068', '896', '238', '其他');
INSERT INTO `propertyvalue` VALUES ('13069', '896', '237', '否');
INSERT INTO `propertyvalue` VALUES ('13070', '896', '236', '镜布 镜盒');
INSERT INTO `propertyvalue` VALUES ('13071', '896', '235', '100 - 200元');
INSERT INTO `propertyvalue` VALUES ('13072', '896', '234', '个性 舒适 运动');
INSERT INTO `propertyvalue` VALUES ('13073', '896', '233', '男');
INSERT INTO `propertyvalue` VALUES ('13074', '896', '232', '防UVA 防UVB 偏光');
INSERT INTO `propertyvalue` VALUES ('13075', '896', '231', '8009');
INSERT INTO `propertyvalue` VALUES ('13076', '896', '230', '2014年春夏季');
INSERT INTO `propertyvalue` VALUES ('13077', '896', '229', '厦门');
INSERT INTO `propertyvalue` VALUES ('13078', '896', '228', 'PARZIN/帕森');
INSERT INTO `propertyvalue` VALUES ('13079', '897', '242', '圆脸 长脸 方脸 椭圆形脸');
INSERT INTO `propertyvalue` VALUES ('13080', '897', '241', '镜面弧度 镜架松紧');
INSERT INTO `propertyvalue` VALUES ('13081', '897', '240', '黑框黑灰片 枪框渐灰片 银框反光膜天蓝片 金框G15片');
INSERT INTO `propertyvalue` VALUES ('13082', '897', '239', '8009');
INSERT INTO `propertyvalue` VALUES ('13083', '897', '238', '其他');
INSERT INTO `propertyvalue` VALUES ('13084', '897', '237', '否');
INSERT INTO `propertyvalue` VALUES ('13085', '897', '236', '镜布 镜盒');
INSERT INTO `propertyvalue` VALUES ('13086', '897', '235', '100 - 200元');
INSERT INTO `propertyvalue` VALUES ('13087', '897', '234', '个性 舒适 运动');
INSERT INTO `propertyvalue` VALUES ('13088', '897', '233', '男');
INSERT INTO `propertyvalue` VALUES ('13089', '897', '232', '防UVA 防UVB 偏光');
INSERT INTO `propertyvalue` VALUES ('13090', '897', '231', '8009');
INSERT INTO `propertyvalue` VALUES ('13091', '897', '230', '2014年春夏季');
INSERT INTO `propertyvalue` VALUES ('13092', '897', '229', '厦门');
INSERT INTO `propertyvalue` VALUES ('13093', '897', '228', 'PARZIN/帕森');
INSERT INTO `propertyvalue` VALUES ('13094', '898', '242', '圆脸 长脸 方脸 椭圆形脸');
INSERT INTO `propertyvalue` VALUES ('13095', '898', '241', '镜面弧度 镜架松紧');
INSERT INTO `propertyvalue` VALUES ('13096', '898', '240', '黑框黑灰片 枪框渐灰片 银框反光膜天蓝片 金框G15片');
INSERT INTO `propertyvalue` VALUES ('13097', '898', '239', '8009');
INSERT INTO `propertyvalue` VALUES ('13098', '898', '238', '其他');
INSERT INTO `propertyvalue` VALUES ('13099', '898', '237', '否');
INSERT INTO `propertyvalue` VALUES ('13100', '898', '236', '镜布 镜盒');
INSERT INTO `propertyvalue` VALUES ('13101', '898', '235', '100 - 200元');
INSERT INTO `propertyvalue` VALUES ('13102', '898', '234', '个性 舒适 运动');
INSERT INTO `propertyvalue` VALUES ('13103', '898', '233', '男');
INSERT INTO `propertyvalue` VALUES ('13104', '898', '232', '防UVA 防UVB 偏光');
INSERT INTO `propertyvalue` VALUES ('13105', '898', '231', '8009');
INSERT INTO `propertyvalue` VALUES ('13106', '898', '230', '2014年春夏季');
INSERT INTO `propertyvalue` VALUES ('13107', '898', '229', '厦门');
INSERT INTO `propertyvalue` VALUES ('13108', '898', '228', 'PARZIN/帕森');
INSERT INTO `propertyvalue` VALUES ('13109', '899', '242', '圆脸 长脸 方脸 椭圆形脸');
INSERT INTO `propertyvalue` VALUES ('13110', '899', '241', '镜面弧度 镜架松紧');
INSERT INTO `propertyvalue` VALUES ('13111', '899', '240', '黑框黑灰片 枪框渐灰片 银框反光膜天蓝片 金框G15片');
INSERT INTO `propertyvalue` VALUES ('13112', '899', '239', '8009');
INSERT INTO `propertyvalue` VALUES ('13113', '899', '238', '其他');
INSERT INTO `propertyvalue` VALUES ('13114', '899', '237', '否');
INSERT INTO `propertyvalue` VALUES ('13115', '899', '236', '镜布 镜盒');
INSERT INTO `propertyvalue` VALUES ('13116', '899', '235', '100 - 200元');
INSERT INTO `propertyvalue` VALUES ('13117', '899', '234', '个性 舒适 运动');
INSERT INTO `propertyvalue` VALUES ('13118', '899', '233', '男');
INSERT INTO `propertyvalue` VALUES ('13119', '899', '232', '防UVA 防UVB 偏光');
INSERT INTO `propertyvalue` VALUES ('13120', '899', '231', '8009');
INSERT INTO `propertyvalue` VALUES ('13121', '899', '230', '2014年春夏季');
INSERT INTO `propertyvalue` VALUES ('13122', '899', '229', '厦门');
INSERT INTO `propertyvalue` VALUES ('13123', '899', '228', 'PARZIN/帕森');
INSERT INTO `propertyvalue` VALUES ('13124', '900', '242', '圆脸 长脸 方脸 椭圆形脸');
INSERT INTO `propertyvalue` VALUES ('13125', '900', '241', '镜面弧度 镜架松紧');
INSERT INTO `propertyvalue` VALUES ('13126', '900', '240', '黑框黑灰片 枪框渐灰片 银框反光膜天蓝片 金框G15片');
INSERT INTO `propertyvalue` VALUES ('13127', '900', '239', '8009');
INSERT INTO `propertyvalue` VALUES ('13128', '900', '238', '其他');
INSERT INTO `propertyvalue` VALUES ('13129', '900', '237', '否');
INSERT INTO `propertyvalue` VALUES ('13130', '900', '236', '镜布 镜盒');
INSERT INTO `propertyvalue` VALUES ('13131', '900', '235', '100 - 200元');
INSERT INTO `propertyvalue` VALUES ('13132', '900', '234', '个性 舒适 运动');
INSERT INTO `propertyvalue` VALUES ('13133', '900', '233', '男');
INSERT INTO `propertyvalue` VALUES ('13134', '900', '232', '防UVA 防UVB 偏光');
INSERT INTO `propertyvalue` VALUES ('13135', '900', '231', '8009');
INSERT INTO `propertyvalue` VALUES ('13136', '900', '230', '2014年春夏季');
INSERT INTO `propertyvalue` VALUES ('13137', '900', '229', '厦门');
INSERT INTO `propertyvalue` VALUES ('13138', '900', '228', 'PARZIN/帕森');
INSERT INTO `propertyvalue` VALUES ('13139', '901', '242', '圆脸 长脸 方脸 椭圆形脸');
INSERT INTO `propertyvalue` VALUES ('13140', '901', '241', '镜面弧度 镜架松紧');
INSERT INTO `propertyvalue` VALUES ('13141', '901', '240', '黑框黑灰片 枪框渐灰片 银框反光膜天蓝片 金框G15片');
INSERT INTO `propertyvalue` VALUES ('13142', '901', '239', '8009');
INSERT INTO `propertyvalue` VALUES ('13143', '901', '238', '其他');
INSERT INTO `propertyvalue` VALUES ('13144', '901', '237', '否');
INSERT INTO `propertyvalue` VALUES ('13145', '901', '236', '镜布 镜盒');
INSERT INTO `propertyvalue` VALUES ('13146', '901', '235', '100 - 200元');
INSERT INTO `propertyvalue` VALUES ('13147', '901', '234', '个性 舒适 运动');
INSERT INTO `propertyvalue` VALUES ('13148', '901', '233', '男');
INSERT INTO `propertyvalue` VALUES ('13149', '901', '232', '防UVA 防UVB 偏光');
INSERT INTO `propertyvalue` VALUES ('13150', '901', '231', '8009');
INSERT INTO `propertyvalue` VALUES ('13151', '901', '230', '2014年春夏季');
INSERT INTO `propertyvalue` VALUES ('13152', '901', '229', '厦门');
INSERT INTO `propertyvalue` VALUES ('13153', '901', '228', 'PARZIN/帕森');
INSERT INTO `propertyvalue` VALUES ('13154', '902', '242', '圆脸 长脸 方脸 椭圆形脸');
INSERT INTO `propertyvalue` VALUES ('13155', '902', '241', '镜面弧度 镜架松紧');
INSERT INTO `propertyvalue` VALUES ('13156', '902', '240', '黑框黑灰片 枪框渐灰片 银框反光膜天蓝片 金框G15片');
INSERT INTO `propertyvalue` VALUES ('13157', '902', '239', '8009');
INSERT INTO `propertyvalue` VALUES ('13158', '902', '238', '其他');
INSERT INTO `propertyvalue` VALUES ('13159', '902', '237', '否');
INSERT INTO `propertyvalue` VALUES ('13160', '902', '236', '镜布 镜盒');
INSERT INTO `propertyvalue` VALUES ('13161', '902', '235', '100 - 200元');
INSERT INTO `propertyvalue` VALUES ('13162', '902', '234', '个性 舒适 运动');
INSERT INTO `propertyvalue` VALUES ('13163', '902', '233', '男');
INSERT INTO `propertyvalue` VALUES ('13164', '902', '232', '防UVA 防UVB 偏光');
INSERT INTO `propertyvalue` VALUES ('13165', '902', '231', '8009');
INSERT INTO `propertyvalue` VALUES ('13166', '902', '230', '2014年春夏季');
INSERT INTO `propertyvalue` VALUES ('13167', '902', '229', '厦门');
INSERT INTO `propertyvalue` VALUES ('13168', '902', '228', 'PARZIN/帕森');
INSERT INTO `propertyvalue` VALUES ('13169', '903', '242', '圆脸 长脸 方脸 椭圆形脸');
INSERT INTO `propertyvalue` VALUES ('13170', '903', '241', '镜面弧度 镜架松紧');
INSERT INTO `propertyvalue` VALUES ('13171', '903', '240', '黑框黑灰片 枪框渐灰片 银框反光膜天蓝片 金框G15片');
INSERT INTO `propertyvalue` VALUES ('13172', '903', '239', '8009');
INSERT INTO `propertyvalue` VALUES ('13173', '903', '238', '其他');
INSERT INTO `propertyvalue` VALUES ('13174', '903', '237', '否');
INSERT INTO `propertyvalue` VALUES ('13175', '903', '236', '镜布 镜盒');
INSERT INTO `propertyvalue` VALUES ('13176', '903', '235', '100 - 200元');
INSERT INTO `propertyvalue` VALUES ('13177', '903', '234', '个性 舒适 运动');
INSERT INTO `propertyvalue` VALUES ('13178', '903', '233', '男');
INSERT INTO `propertyvalue` VALUES ('13179', '903', '232', '防UVA 防UVB 偏光');
INSERT INTO `propertyvalue` VALUES ('13180', '903', '231', '8009');
INSERT INTO `propertyvalue` VALUES ('13181', '903', '230', '2014年春夏季');
INSERT INTO `propertyvalue` VALUES ('13182', '903', '229', '厦门');
INSERT INTO `propertyvalue` VALUES ('13183', '903', '228', 'PARZIN/帕森');
INSERT INTO `propertyvalue` VALUES ('13184', '904', '257', '6周岁以下');
INSERT INTO `propertyvalue` VALUES ('13185', '904', '256', 'Baby first/宝贝第一');
INSERT INTO `propertyvalue` VALUES ('13186', '904', '255', '五点式');
INSERT INTO `propertyvalue` VALUES ('13187', '904', '254', '机动车儿童乘员用约束系统');
INSERT INTO `propertyvalue` VALUES ('13188', '904', '253', '坐式');
INSERT INTO `propertyvalue` VALUES ('13189', '904', '252', '宝塔蓝 橄榄绿 星空蓝 深海蓝 凯旋红 石榴紫 经典红');
INSERT INTO `propertyvalue` VALUES ('13190', '904', '251', '麦克英孚(宁波)婴童用品有限公司');
INSERT INTO `propertyvalue` VALUES ('13191', '904', '250', '太空城堡');
INSERT INTO `propertyvalue` VALUES ('13192', '904', '249', '2014092207000022');
INSERT INTO `propertyvalue` VALUES ('13193', '904', '248', '25KG以下');
INSERT INTO `propertyvalue` VALUES ('13194', '904', '247', 'Isofix接口');
INSERT INTO `propertyvalue` VALUES ('13195', '904', '246', '麦克英孚(宁波)婴童用品有限公司');
INSERT INTO `propertyvalue` VALUES ('13196', '904', '245', 'R102A太空城堡儿童约束系统');
INSERT INTO `propertyvalue` VALUES ('13197', '904', '244', '有效');
INSERT INTO `propertyvalue` VALUES ('13198', '904', '243', '中国大陆');
INSERT INTO `propertyvalue` VALUES ('13199', '905', '257', '6周岁以下');
INSERT INTO `propertyvalue` VALUES ('13200', '905', '256', 'Baby first/宝贝第一');
INSERT INTO `propertyvalue` VALUES ('13201', '905', '255', '五点式');
INSERT INTO `propertyvalue` VALUES ('13202', '905', '254', '机动车儿童乘员用约束系统');
INSERT INTO `propertyvalue` VALUES ('13203', '905', '253', '坐式');
INSERT INTO `propertyvalue` VALUES ('13204', '905', '252', '宝塔蓝 橄榄绿 星空蓝 深海蓝 凯旋红 石榴紫 经典红');
INSERT INTO `propertyvalue` VALUES ('13205', '905', '251', '麦克英孚(宁波)婴童用品有限公司');
INSERT INTO `propertyvalue` VALUES ('13206', '905', '250', '太空城堡');
INSERT INTO `propertyvalue` VALUES ('13207', '905', '249', '2014092207000022');
INSERT INTO `propertyvalue` VALUES ('13208', '905', '248', '25KG以下');
INSERT INTO `propertyvalue` VALUES ('13209', '905', '247', 'Isofix接口');
INSERT INTO `propertyvalue` VALUES ('13210', '905', '246', '麦克英孚(宁波)婴童用品有限公司');
INSERT INTO `propertyvalue` VALUES ('13211', '905', '245', 'R102A太空城堡儿童约束系统');
INSERT INTO `propertyvalue` VALUES ('13212', '905', '244', '有效');
INSERT INTO `propertyvalue` VALUES ('13213', '905', '243', '中国大陆');
INSERT INTO `propertyvalue` VALUES ('13214', '906', '257', '6周岁以下');
INSERT INTO `propertyvalue` VALUES ('13215', '906', '256', 'Baby first/宝贝第一');
INSERT INTO `propertyvalue` VALUES ('13216', '906', '255', '五点式');
INSERT INTO `propertyvalue` VALUES ('13217', '906', '254', '机动车儿童乘员用约束系统');
INSERT INTO `propertyvalue` VALUES ('13218', '906', '253', '坐式');
INSERT INTO `propertyvalue` VALUES ('13219', '906', '252', '宝塔蓝 橄榄绿 星空蓝 深海蓝 凯旋红 石榴紫 经典红');
INSERT INTO `propertyvalue` VALUES ('13220', '906', '251', '麦克英孚(宁波)婴童用品有限公司');
INSERT INTO `propertyvalue` VALUES ('13221', '906', '250', '太空城堡');
INSERT INTO `propertyvalue` VALUES ('13222', '906', '249', '2014092207000022');
INSERT INTO `propertyvalue` VALUES ('13223', '906', '248', '25KG以下');
INSERT INTO `propertyvalue` VALUES ('13224', '906', '247', 'Isofix接口');
INSERT INTO `propertyvalue` VALUES ('13225', '906', '246', '麦克英孚(宁波)婴童用品有限公司');
INSERT INTO `propertyvalue` VALUES ('13226', '906', '245', 'R102A太空城堡儿童约束系统');
INSERT INTO `propertyvalue` VALUES ('13227', '906', '244', '有效');
INSERT INTO `propertyvalue` VALUES ('13228', '906', '243', '中国大陆');
INSERT INTO `propertyvalue` VALUES ('13229', '907', '257', '6周岁以下');
INSERT INTO `propertyvalue` VALUES ('13230', '907', '256', 'Baby first/宝贝第一');
INSERT INTO `propertyvalue` VALUES ('13231', '907', '255', '五点式');
INSERT INTO `propertyvalue` VALUES ('13232', '907', '254', '机动车儿童乘员用约束系统');
INSERT INTO `propertyvalue` VALUES ('13233', '907', '253', '坐式');
INSERT INTO `propertyvalue` VALUES ('13234', '907', '252', '宝塔蓝 橄榄绿 星空蓝 深海蓝 凯旋红 石榴紫 经典红');
INSERT INTO `propertyvalue` VALUES ('13235', '907', '251', '麦克英孚(宁波)婴童用品有限公司');
INSERT INTO `propertyvalue` VALUES ('13236', '907', '250', '太空城堡');
INSERT INTO `propertyvalue` VALUES ('13237', '907', '249', '2014092207000022');
INSERT INTO `propertyvalue` VALUES ('13238', '907', '248', '25KG以下');
INSERT INTO `propertyvalue` VALUES ('13239', '907', '247', 'Isofix接口');
INSERT INTO `propertyvalue` VALUES ('13240', '907', '246', '麦克英孚(宁波)婴童用品有限公司');
INSERT INTO `propertyvalue` VALUES ('13241', '907', '245', 'R102A太空城堡儿童约束系统');
INSERT INTO `propertyvalue` VALUES ('13242', '907', '244', '有效');
INSERT INTO `propertyvalue` VALUES ('13243', '907', '243', '中国大陆');
INSERT INTO `propertyvalue` VALUES ('13244', '908', '257', '6周岁以下');
INSERT INTO `propertyvalue` VALUES ('13245', '908', '256', 'Baby first/宝贝第一');
INSERT INTO `propertyvalue` VALUES ('13246', '908', '255', '五点式');
INSERT INTO `propertyvalue` VALUES ('13247', '908', '254', '机动车儿童乘员用约束系统');
INSERT INTO `propertyvalue` VALUES ('13248', '908', '253', '坐式');
INSERT INTO `propertyvalue` VALUES ('13249', '908', '252', '宝塔蓝 橄榄绿 星空蓝 深海蓝 凯旋红 石榴紫 经典红');
INSERT INTO `propertyvalue` VALUES ('13250', '908', '251', '麦克英孚(宁波)婴童用品有限公司');
INSERT INTO `propertyvalue` VALUES ('13251', '908', '250', '太空城堡');
INSERT INTO `propertyvalue` VALUES ('13252', '908', '249', '2014092207000022');
INSERT INTO `propertyvalue` VALUES ('13253', '908', '248', '25KG以下');
INSERT INTO `propertyvalue` VALUES ('13254', '908', '247', 'Isofix接口');
INSERT INTO `propertyvalue` VALUES ('13255', '908', '246', '麦克英孚(宁波)婴童用品有限公司');
INSERT INTO `propertyvalue` VALUES ('13256', '908', '245', 'R102A太空城堡儿童约束系统');
INSERT INTO `propertyvalue` VALUES ('13257', '908', '244', '有效');
INSERT INTO `propertyvalue` VALUES ('13258', '908', '243', '中国大陆');
INSERT INTO `propertyvalue` VALUES ('13259', '909', '257', '6周岁以下');
INSERT INTO `propertyvalue` VALUES ('13260', '909', '256', 'Baby first/宝贝第一');
INSERT INTO `propertyvalue` VALUES ('13261', '909', '255', '五点式');
INSERT INTO `propertyvalue` VALUES ('13262', '909', '254', '机动车儿童乘员用约束系统');
INSERT INTO `propertyvalue` VALUES ('13263', '909', '253', '坐式');
INSERT INTO `propertyvalue` VALUES ('13264', '909', '252', '宝塔蓝 橄榄绿 星空蓝 深海蓝 凯旋红 石榴紫 经典红');
INSERT INTO `propertyvalue` VALUES ('13265', '909', '251', '麦克英孚(宁波)婴童用品有限公司');
INSERT INTO `propertyvalue` VALUES ('13266', '909', '250', '太空城堡');
INSERT INTO `propertyvalue` VALUES ('13267', '909', '249', '2014092207000022');
INSERT INTO `propertyvalue` VALUES ('13268', '909', '248', '25KG以下');
INSERT INTO `propertyvalue` VALUES ('13269', '909', '247', 'Isofix接口');
INSERT INTO `propertyvalue` VALUES ('13270', '909', '246', '麦克英孚(宁波)婴童用品有限公司');
INSERT INTO `propertyvalue` VALUES ('13271', '909', '245', 'R102A太空城堡儿童约束系统');
INSERT INTO `propertyvalue` VALUES ('13272', '909', '244', '有效');
INSERT INTO `propertyvalue` VALUES ('13273', '909', '243', '中国大陆');
INSERT INTO `propertyvalue` VALUES ('13274', '910', '257', '6周岁以下');
INSERT INTO `propertyvalue` VALUES ('13275', '910', '256', 'Baby first/宝贝第一');
INSERT INTO `propertyvalue` VALUES ('13276', '910', '255', '五点式');
INSERT INTO `propertyvalue` VALUES ('13277', '910', '254', '机动车儿童乘员用约束系统');
INSERT INTO `propertyvalue` VALUES ('13278', '910', '253', '坐式');
INSERT INTO `propertyvalue` VALUES ('13279', '910', '252', '宝塔蓝 橄榄绿 星空蓝 深海蓝 凯旋红 石榴紫 经典红');
INSERT INTO `propertyvalue` VALUES ('13280', '910', '251', '麦克英孚(宁波)婴童用品有限公司');
INSERT INTO `propertyvalue` VALUES ('13281', '910', '250', '太空城堡');
INSERT INTO `propertyvalue` VALUES ('13282', '910', '249', '2014092207000022');
INSERT INTO `propertyvalue` VALUES ('13283', '910', '248', '25KG以下');
INSERT INTO `propertyvalue` VALUES ('13284', '910', '247', 'Isofix接口');
INSERT INTO `propertyvalue` VALUES ('13285', '910', '246', '麦克英孚(宁波)婴童用品有限公司');
INSERT INTO `propertyvalue` VALUES ('13286', '910', '245', 'R102A太空城堡儿童约束系统');
INSERT INTO `propertyvalue` VALUES ('13287', '910', '244', '有效');
INSERT INTO `propertyvalue` VALUES ('13288', '910', '243', '中国大陆');
INSERT INTO `propertyvalue` VALUES ('13289', '911', '257', '6周岁以下');
INSERT INTO `propertyvalue` VALUES ('13290', '911', '256', 'Baby first/宝贝第一');
INSERT INTO `propertyvalue` VALUES ('13291', '911', '255', '五点式');
INSERT INTO `propertyvalue` VALUES ('13292', '911', '254', '机动车儿童乘员用约束系统');
INSERT INTO `propertyvalue` VALUES ('13293', '911', '253', '坐式');
INSERT INTO `propertyvalue` VALUES ('13294', '911', '252', '宝塔蓝 橄榄绿 星空蓝 深海蓝 凯旋红 石榴紫 经典红');
INSERT INTO `propertyvalue` VALUES ('13295', '911', '251', '麦克英孚(宁波)婴童用品有限公司');
INSERT INTO `propertyvalue` VALUES ('13296', '911', '250', '太空城堡');
INSERT INTO `propertyvalue` VALUES ('13297', '911', '249', '2014092207000022');
INSERT INTO `propertyvalue` VALUES ('13298', '911', '248', '25KG以下');
INSERT INTO `propertyvalue` VALUES ('13299', '911', '247', 'Isofix接口');
INSERT INTO `propertyvalue` VALUES ('13300', '911', '246', '麦克英孚(宁波)婴童用品有限公司');
INSERT INTO `propertyvalue` VALUES ('13301', '911', '245', 'R102A太空城堡儿童约束系统');
INSERT INTO `propertyvalue` VALUES ('13302', '911', '244', '有效');
INSERT INTO `propertyvalue` VALUES ('13303', '911', '243', '中国大陆');
INSERT INTO `propertyvalue` VALUES ('13304', '912', '257', '6周岁以下');
INSERT INTO `propertyvalue` VALUES ('13305', '912', '256', 'Baby first/宝贝第一');
INSERT INTO `propertyvalue` VALUES ('13306', '912', '255', '五点式');
INSERT INTO `propertyvalue` VALUES ('13307', '912', '254', '机动车儿童乘员用约束系统');
INSERT INTO `propertyvalue` VALUES ('13308', '912', '253', '坐式');
INSERT INTO `propertyvalue` VALUES ('13309', '912', '252', '宝塔蓝 橄榄绿 星空蓝 深海蓝 凯旋红 石榴紫 经典红');
INSERT INTO `propertyvalue` VALUES ('13310', '912', '251', '麦克英孚(宁波)婴童用品有限公司');
INSERT INTO `propertyvalue` VALUES ('13311', '912', '250', '太空城堡');
INSERT INTO `propertyvalue` VALUES ('13312', '912', '249', '2014092207000022');
INSERT INTO `propertyvalue` VALUES ('13313', '912', '248', '25KG以下');
INSERT INTO `propertyvalue` VALUES ('13314', '912', '247', 'Isofix接口');
INSERT INTO `propertyvalue` VALUES ('13315', '912', '246', '麦克英孚(宁波)婴童用品有限公司');
INSERT INTO `propertyvalue` VALUES ('13316', '912', '245', 'R102A太空城堡儿童约束系统');
INSERT INTO `propertyvalue` VALUES ('13317', '912', '244', '有效');
INSERT INTO `propertyvalue` VALUES ('13318', '912', '243', '中国大陆');
INSERT INTO `propertyvalue` VALUES ('13319', '913', '257', '6周岁以下');
INSERT INTO `propertyvalue` VALUES ('13320', '913', '256', 'Baby first/宝贝第一');
INSERT INTO `propertyvalue` VALUES ('13321', '913', '255', '五点式');
INSERT INTO `propertyvalue` VALUES ('13322', '913', '254', '机动车儿童乘员用约束系统');
INSERT INTO `propertyvalue` VALUES ('13323', '913', '253', '坐式');
INSERT INTO `propertyvalue` VALUES ('13324', '913', '252', '宝塔蓝 橄榄绿 星空蓝 深海蓝 凯旋红 石榴紫 经典红');
INSERT INTO `propertyvalue` VALUES ('13325', '913', '251', '麦克英孚(宁波)婴童用品有限公司');
INSERT INTO `propertyvalue` VALUES ('13326', '913', '250', '太空城堡');
INSERT INTO `propertyvalue` VALUES ('13327', '913', '249', '2014092207000022');
INSERT INTO `propertyvalue` VALUES ('13328', '913', '248', '25KG以下');
INSERT INTO `propertyvalue` VALUES ('13329', '913', '247', 'Isofix接口');
INSERT INTO `propertyvalue` VALUES ('13330', '913', '246', '麦克英孚(宁波)婴童用品有限公司');
INSERT INTO `propertyvalue` VALUES ('13331', '913', '245', 'R102A太空城堡儿童约束系统');
INSERT INTO `propertyvalue` VALUES ('13332', '913', '244', '有效');
INSERT INTO `propertyvalue` VALUES ('13333', '913', '243', '中国大陆');
INSERT INTO `propertyvalue` VALUES ('13334', '914', '257', '6周岁以下');
INSERT INTO `propertyvalue` VALUES ('13335', '914', '256', 'Baby first/宝贝第一');
INSERT INTO `propertyvalue` VALUES ('13336', '914', '255', '五点式');
INSERT INTO `propertyvalue` VALUES ('13337', '914', '254', '机动车儿童乘员用约束系统');
INSERT INTO `propertyvalue` VALUES ('13338', '914', '253', '坐式');
INSERT INTO `propertyvalue` VALUES ('13339', '914', '252', '宝塔蓝 橄榄绿 星空蓝 深海蓝 凯旋红 石榴紫 经典红');
INSERT INTO `propertyvalue` VALUES ('13340', '914', '251', '麦克英孚(宁波)婴童用品有限公司');
INSERT INTO `propertyvalue` VALUES ('13341', '914', '250', '太空城堡');
INSERT INTO `propertyvalue` VALUES ('13342', '914', '249', '2014092207000022');
INSERT INTO `propertyvalue` VALUES ('13343', '914', '248', '25KG以下');
INSERT INTO `propertyvalue` VALUES ('13344', '914', '247', 'Isofix接口');
INSERT INTO `propertyvalue` VALUES ('13345', '914', '246', '麦克英孚(宁波)婴童用品有限公司');
INSERT INTO `propertyvalue` VALUES ('13346', '914', '245', 'R102A太空城堡儿童约束系统');
INSERT INTO `propertyvalue` VALUES ('13347', '914', '244', '有效');
INSERT INTO `propertyvalue` VALUES ('13348', '914', '243', '中国大陆');
INSERT INTO `propertyvalue` VALUES ('13349', '915', '257', '6周岁以下');
INSERT INTO `propertyvalue` VALUES ('13350', '915', '256', 'Baby first/宝贝第一');
INSERT INTO `propertyvalue` VALUES ('13351', '915', '255', '五点式');
INSERT INTO `propertyvalue` VALUES ('13352', '915', '254', '机动车儿童乘员用约束系统');
INSERT INTO `propertyvalue` VALUES ('13353', '915', '253', '坐式');
INSERT INTO `propertyvalue` VALUES ('13354', '915', '252', '宝塔蓝 橄榄绿 星空蓝 深海蓝 凯旋红 石榴紫 经典红');
INSERT INTO `propertyvalue` VALUES ('13355', '915', '251', '麦克英孚(宁波)婴童用品有限公司');
INSERT INTO `propertyvalue` VALUES ('13356', '915', '250', '太空城堡');
INSERT INTO `propertyvalue` VALUES ('13357', '915', '249', '2014092207000022');
INSERT INTO `propertyvalue` VALUES ('13358', '915', '248', '25KG以下');
INSERT INTO `propertyvalue` VALUES ('13359', '915', '247', 'Isofix接口');
INSERT INTO `propertyvalue` VALUES ('13360', '915', '246', '麦克英孚(宁波)婴童用品有限公司');
INSERT INTO `propertyvalue` VALUES ('13361', '915', '245', 'R102A太空城堡儿童约束系统');
INSERT INTO `propertyvalue` VALUES ('13362', '915', '244', '有效');
INSERT INTO `propertyvalue` VALUES ('13363', '915', '243', '中国大陆');
INSERT INTO `propertyvalue` VALUES ('13364', '916', '257', '6周岁以下');
INSERT INTO `propertyvalue` VALUES ('13365', '916', '256', 'Baby first/宝贝第一');
INSERT INTO `propertyvalue` VALUES ('13366', '916', '255', '五点式');
INSERT INTO `propertyvalue` VALUES ('13367', '916', '254', '机动车儿童乘员用约束系统');
INSERT INTO `propertyvalue` VALUES ('13368', '916', '253', '坐式');
INSERT INTO `propertyvalue` VALUES ('13369', '916', '252', '宝塔蓝 橄榄绿 星空蓝 深海蓝 凯旋红 石榴紫 经典红');
INSERT INTO `propertyvalue` VALUES ('13370', '916', '251', '麦克英孚(宁波)婴童用品有限公司');
INSERT INTO `propertyvalue` VALUES ('13371', '916', '250', '太空城堡');
INSERT INTO `propertyvalue` VALUES ('13372', '916', '249', '2014092207000022');
INSERT INTO `propertyvalue` VALUES ('13373', '916', '248', '25KG以下');
INSERT INTO `propertyvalue` VALUES ('13374', '916', '247', 'Isofix接口');
INSERT INTO `propertyvalue` VALUES ('13375', '916', '246', '麦克英孚(宁波)婴童用品有限公司');
INSERT INTO `propertyvalue` VALUES ('13376', '916', '245', 'R102A太空城堡儿童约束系统');
INSERT INTO `propertyvalue` VALUES ('13377', '916', '244', '有效');
INSERT INTO `propertyvalue` VALUES ('13378', '916', '243', '中国大陆');
INSERT INTO `propertyvalue` VALUES ('13379', '917', '257', '6周岁以下');
INSERT INTO `propertyvalue` VALUES ('13380', '917', '256', 'Baby first/宝贝第一');
INSERT INTO `propertyvalue` VALUES ('13381', '917', '255', '五点式');
INSERT INTO `propertyvalue` VALUES ('13382', '917', '254', '机动车儿童乘员用约束系统');
INSERT INTO `propertyvalue` VALUES ('13383', '917', '253', '坐式');
INSERT INTO `propertyvalue` VALUES ('13384', '917', '252', '宝塔蓝 橄榄绿 星空蓝 深海蓝 凯旋红 石榴紫 经典红');
INSERT INTO `propertyvalue` VALUES ('13385', '917', '251', '麦克英孚(宁波)婴童用品有限公司');
INSERT INTO `propertyvalue` VALUES ('13386', '917', '250', '太空城堡');
INSERT INTO `propertyvalue` VALUES ('13387', '917', '249', '2014092207000022');
INSERT INTO `propertyvalue` VALUES ('13388', '917', '248', '25KG以下');
INSERT INTO `propertyvalue` VALUES ('13389', '917', '247', 'Isofix接口');
INSERT INTO `propertyvalue` VALUES ('13390', '917', '246', '麦克英孚(宁波)婴童用品有限公司');
INSERT INTO `propertyvalue` VALUES ('13391', '917', '245', 'R102A太空城堡儿童约束系统');
INSERT INTO `propertyvalue` VALUES ('13392', '917', '244', '有效');
INSERT INTO `propertyvalue` VALUES ('13393', '917', '243', '中国大陆');
INSERT INTO `propertyvalue` VALUES ('13394', '918', '257', '6周岁以下');
INSERT INTO `propertyvalue` VALUES ('13395', '918', '256', 'Baby first/宝贝第一');
INSERT INTO `propertyvalue` VALUES ('13396', '918', '255', '五点式');
INSERT INTO `propertyvalue` VALUES ('13397', '918', '254', '机动车儿童乘员用约束系统');
INSERT INTO `propertyvalue` VALUES ('13398', '918', '253', '坐式');
INSERT INTO `propertyvalue` VALUES ('13399', '918', '252', '宝塔蓝 橄榄绿 星空蓝 深海蓝 凯旋红 石榴紫 经典红');
INSERT INTO `propertyvalue` VALUES ('13400', '918', '251', '麦克英孚(宁波)婴童用品有限公司');
INSERT INTO `propertyvalue` VALUES ('13401', '918', '250', '太空城堡');
INSERT INTO `propertyvalue` VALUES ('13402', '918', '249', '2014092207000022');
INSERT INTO `propertyvalue` VALUES ('13403', '918', '248', '25KG以下');
INSERT INTO `propertyvalue` VALUES ('13404', '918', '247', 'Isofix接口');
INSERT INTO `propertyvalue` VALUES ('13405', '918', '246', '麦克英孚(宁波)婴童用品有限公司');
INSERT INTO `propertyvalue` VALUES ('13406', '918', '245', 'R102A太空城堡儿童约束系统');
INSERT INTO `propertyvalue` VALUES ('13407', '918', '244', '有效');
INSERT INTO `propertyvalue` VALUES ('13408', '918', '243', '中国大陆');
INSERT INTO `propertyvalue` VALUES ('13409', '919', '257', '6周岁以下');
INSERT INTO `propertyvalue` VALUES ('13410', '919', '256', 'Baby first/宝贝第一');
INSERT INTO `propertyvalue` VALUES ('13411', '919', '255', '五点式');
INSERT INTO `propertyvalue` VALUES ('13412', '919', '254', '机动车儿童乘员用约束系统');
INSERT INTO `propertyvalue` VALUES ('13413', '919', '253', '坐式');
INSERT INTO `propertyvalue` VALUES ('13414', '919', '252', '宝塔蓝 橄榄绿 星空蓝 深海蓝 凯旋红 石榴紫 经典红');
INSERT INTO `propertyvalue` VALUES ('13415', '919', '251', '麦克英孚(宁波)婴童用品有限公司');
INSERT INTO `propertyvalue` VALUES ('13416', '919', '250', '太空城堡');
INSERT INTO `propertyvalue` VALUES ('13417', '919', '249', '2014092207000022');
INSERT INTO `propertyvalue` VALUES ('13418', '919', '248', '25KG以下');
INSERT INTO `propertyvalue` VALUES ('13419', '919', '247', 'Isofix接口');
INSERT INTO `propertyvalue` VALUES ('13420', '919', '246', '麦克英孚(宁波)婴童用品有限公司');
INSERT INTO `propertyvalue` VALUES ('13421', '919', '245', 'R102A太空城堡儿童约束系统');
INSERT INTO `propertyvalue` VALUES ('13422', '919', '244', '有效');
INSERT INTO `propertyvalue` VALUES ('13423', '919', '243', '中国大陆');
INSERT INTO `propertyvalue` VALUES ('13424', '920', '257', '6周岁以下');
INSERT INTO `propertyvalue` VALUES ('13425', '920', '256', 'Baby first/宝贝第一');
INSERT INTO `propertyvalue` VALUES ('13426', '920', '255', '五点式');
INSERT INTO `propertyvalue` VALUES ('13427', '920', '254', '机动车儿童乘员用约束系统');
INSERT INTO `propertyvalue` VALUES ('13428', '920', '253', '坐式');
INSERT INTO `propertyvalue` VALUES ('13429', '920', '252', '宝塔蓝 橄榄绿 星空蓝 深海蓝 凯旋红 石榴紫 经典红');
INSERT INTO `propertyvalue` VALUES ('13430', '920', '251', '麦克英孚(宁波)婴童用品有限公司');
INSERT INTO `propertyvalue` VALUES ('13431', '920', '250', '太空城堡');
INSERT INTO `propertyvalue` VALUES ('13432', '920', '249', '2014092207000022');
INSERT INTO `propertyvalue` VALUES ('13433', '920', '248', '25KG以下');
INSERT INTO `propertyvalue` VALUES ('13434', '920', '247', 'Isofix接口');
INSERT INTO `propertyvalue` VALUES ('13435', '920', '246', '麦克英孚(宁波)婴童用品有限公司');
INSERT INTO `propertyvalue` VALUES ('13436', '920', '245', 'R102A太空城堡儿童约束系统');
INSERT INTO `propertyvalue` VALUES ('13437', '920', '244', '有效');
INSERT INTO `propertyvalue` VALUES ('13438', '920', '243', '中国大陆');
INSERT INTO `propertyvalue` VALUES ('13439', '921', '257', '6周岁以下');
INSERT INTO `propertyvalue` VALUES ('13440', '921', '256', 'Baby first/宝贝第一');
INSERT INTO `propertyvalue` VALUES ('13441', '921', '255', '五点式');
INSERT INTO `propertyvalue` VALUES ('13442', '921', '254', '机动车儿童乘员用约束系统');
INSERT INTO `propertyvalue` VALUES ('13443', '921', '253', '坐式');
INSERT INTO `propertyvalue` VALUES ('13444', '921', '252', '宝塔蓝 橄榄绿 星空蓝 深海蓝 凯旋红 石榴紫 经典红');
INSERT INTO `propertyvalue` VALUES ('13445', '921', '251', '麦克英孚(宁波)婴童用品有限公司');
INSERT INTO `propertyvalue` VALUES ('13446', '921', '250', '太空城堡');
INSERT INTO `propertyvalue` VALUES ('13447', '921', '249', '2014092207000022');
INSERT INTO `propertyvalue` VALUES ('13448', '921', '248', '25KG以下');
INSERT INTO `propertyvalue` VALUES ('13449', '921', '247', 'Isofix接口');
INSERT INTO `propertyvalue` VALUES ('13450', '921', '246', '麦克英孚(宁波)婴童用品有限公司');
INSERT INTO `propertyvalue` VALUES ('13451', '921', '245', 'R102A太空城堡儿童约束系统');
INSERT INTO `propertyvalue` VALUES ('13452', '921', '244', '有效');
INSERT INTO `propertyvalue` VALUES ('13453', '921', '243', '中国大陆');
INSERT INTO `propertyvalue` VALUES ('13454', '922', '257', '6周岁以下');
INSERT INTO `propertyvalue` VALUES ('13455', '922', '256', 'Baby first/宝贝第一');
INSERT INTO `propertyvalue` VALUES ('13456', '922', '255', '五点式');
INSERT INTO `propertyvalue` VALUES ('13457', '922', '254', '机动车儿童乘员用约束系统');
INSERT INTO `propertyvalue` VALUES ('13458', '922', '253', '坐式');
INSERT INTO `propertyvalue` VALUES ('13459', '922', '252', '宝塔蓝 橄榄绿 星空蓝 深海蓝 凯旋红 石榴紫 经典红');
INSERT INTO `propertyvalue` VALUES ('13460', '922', '251', '麦克英孚(宁波)婴童用品有限公司');
INSERT INTO `propertyvalue` VALUES ('13461', '922', '250', '太空城堡');
INSERT INTO `propertyvalue` VALUES ('13462', '922', '249', '2014092207000022');
INSERT INTO `propertyvalue` VALUES ('13463', '922', '248', '25KG以下');
INSERT INTO `propertyvalue` VALUES ('13464', '922', '247', 'Isofix接口');
INSERT INTO `propertyvalue` VALUES ('13465', '922', '246', '麦克英孚(宁波)婴童用品有限公司');
INSERT INTO `propertyvalue` VALUES ('13466', '922', '245', 'R102A太空城堡儿童约束系统');
INSERT INTO `propertyvalue` VALUES ('13467', '922', '244', '有效');
INSERT INTO `propertyvalue` VALUES ('13468', '922', '243', '中国大陆');
INSERT INTO `propertyvalue` VALUES ('13469', '923', '257', '6周岁以下');
INSERT INTO `propertyvalue` VALUES ('13470', '923', '256', 'Baby first/宝贝第一');
INSERT INTO `propertyvalue` VALUES ('13471', '923', '255', '五点式');
INSERT INTO `propertyvalue` VALUES ('13472', '923', '254', '机动车儿童乘员用约束系统');
INSERT INTO `propertyvalue` VALUES ('13473', '923', '253', '坐式');
INSERT INTO `propertyvalue` VALUES ('13474', '923', '252', '宝塔蓝 橄榄绿 星空蓝 深海蓝 凯旋红 石榴紫 经典红');
INSERT INTO `propertyvalue` VALUES ('13475', '923', '251', '麦克英孚(宁波)婴童用品有限公司');
INSERT INTO `propertyvalue` VALUES ('13476', '923', '250', '太空城堡');
INSERT INTO `propertyvalue` VALUES ('13477', '923', '249', '2014092207000022');
INSERT INTO `propertyvalue` VALUES ('13478', '923', '248', '25KG以下');
INSERT INTO `propertyvalue` VALUES ('13479', '923', '247', 'Isofix接口');
INSERT INTO `propertyvalue` VALUES ('13480', '923', '246', '麦克英孚(宁波)婴童用品有限公司');
INSERT INTO `propertyvalue` VALUES ('13481', '923', '245', 'R102A太空城堡儿童约束系统');
INSERT INTO `propertyvalue` VALUES ('13482', '923', '244', '有效');
INSERT INTO `propertyvalue` VALUES ('13483', '923', '243', '中国大陆');
INSERT INTO `propertyvalue` VALUES ('13484', '924', '257', '6周岁以下');
INSERT INTO `propertyvalue` VALUES ('13485', '924', '256', 'Baby first/宝贝第一');
INSERT INTO `propertyvalue` VALUES ('13486', '924', '255', '五点式');
INSERT INTO `propertyvalue` VALUES ('13487', '924', '254', '机动车儿童乘员用约束系统');
INSERT INTO `propertyvalue` VALUES ('13488', '924', '253', '坐式');
INSERT INTO `propertyvalue` VALUES ('13489', '924', '252', '宝塔蓝 橄榄绿 星空蓝 深海蓝 凯旋红 石榴紫 经典红');
INSERT INTO `propertyvalue` VALUES ('13490', '924', '251', '麦克英孚(宁波)婴童用品有限公司');
INSERT INTO `propertyvalue` VALUES ('13491', '924', '250', '太空城堡');
INSERT INTO `propertyvalue` VALUES ('13492', '924', '249', '2014092207000022');
INSERT INTO `propertyvalue` VALUES ('13493', '924', '248', '25KG以下');
INSERT INTO `propertyvalue` VALUES ('13494', '924', '247', 'Isofix接口');
INSERT INTO `propertyvalue` VALUES ('13495', '924', '246', '麦克英孚(宁波)婴童用品有限公司');
INSERT INTO `propertyvalue` VALUES ('13496', '924', '245', 'R102A太空城堡儿童约束系统');
INSERT INTO `propertyvalue` VALUES ('13497', '924', '244', '有效');
INSERT INTO `propertyvalue` VALUES ('13498', '924', '243', '中国大陆');
INSERT INTO `propertyvalue` VALUES ('13499', '925', '257', '6周岁以下');
INSERT INTO `propertyvalue` VALUES ('13500', '925', '256', 'Baby first/宝贝第一');
INSERT INTO `propertyvalue` VALUES ('13501', '925', '255', '五点式');
INSERT INTO `propertyvalue` VALUES ('13502', '925', '254', '机动车儿童乘员用约束系统');
INSERT INTO `propertyvalue` VALUES ('13503', '925', '253', '坐式');
INSERT INTO `propertyvalue` VALUES ('13504', '925', '252', '宝塔蓝 橄榄绿 星空蓝 深海蓝 凯旋红 石榴紫 经典红');
INSERT INTO `propertyvalue` VALUES ('13505', '925', '251', '麦克英孚(宁波)婴童用品有限公司');
INSERT INTO `propertyvalue` VALUES ('13506', '925', '250', '太空城堡');
INSERT INTO `propertyvalue` VALUES ('13507', '925', '249', '2014092207000022');
INSERT INTO `propertyvalue` VALUES ('13508', '925', '248', '25KG以下');
INSERT INTO `propertyvalue` VALUES ('13509', '925', '247', 'Isofix接口');
INSERT INTO `propertyvalue` VALUES ('13510', '925', '246', '麦克英孚(宁波)婴童用品有限公司');
INSERT INTO `propertyvalue` VALUES ('13511', '925', '245', 'R102A太空城堡儿童约束系统');
INSERT INTO `propertyvalue` VALUES ('13512', '925', '244', '有效');
INSERT INTO `propertyvalue` VALUES ('13513', '925', '243', '中国大陆');
INSERT INTO `propertyvalue` VALUES ('13514', '926', '257', '6周岁以下');
INSERT INTO `propertyvalue` VALUES ('13515', '926', '256', 'Baby first/宝贝第一');
INSERT INTO `propertyvalue` VALUES ('13516', '926', '255', '五点式');
INSERT INTO `propertyvalue` VALUES ('13517', '926', '254', '机动车儿童乘员用约束系统');
INSERT INTO `propertyvalue` VALUES ('13518', '926', '253', '坐式');
INSERT INTO `propertyvalue` VALUES ('13519', '926', '252', '宝塔蓝 橄榄绿 星空蓝 深海蓝 凯旋红 石榴紫 经典红');
INSERT INTO `propertyvalue` VALUES ('13520', '926', '251', '麦克英孚(宁波)婴童用品有限公司');
INSERT INTO `propertyvalue` VALUES ('13521', '926', '250', '太空城堡');
INSERT INTO `propertyvalue` VALUES ('13522', '926', '249', '2014092207000022');
INSERT INTO `propertyvalue` VALUES ('13523', '926', '248', '25KG以下');
INSERT INTO `propertyvalue` VALUES ('13524', '926', '247', 'Isofix接口');
INSERT INTO `propertyvalue` VALUES ('13525', '926', '246', '麦克英孚(宁波)婴童用品有限公司');
INSERT INTO `propertyvalue` VALUES ('13526', '926', '245', 'R102A太空城堡儿童约束系统');
INSERT INTO `propertyvalue` VALUES ('13527', '926', '244', '有效');
INSERT INTO `propertyvalue` VALUES ('13528', '926', '243', '中国大陆');
INSERT INTO `propertyvalue` VALUES ('13529', '927', '257', '6周岁以下');
INSERT INTO `propertyvalue` VALUES ('13530', '927', '256', 'Baby first/宝贝第一');
INSERT INTO `propertyvalue` VALUES ('13531', '927', '255', '五点式');
INSERT INTO `propertyvalue` VALUES ('13532', '927', '254', '机动车儿童乘员用约束系统');
INSERT INTO `propertyvalue` VALUES ('13533', '927', '253', '坐式');
INSERT INTO `propertyvalue` VALUES ('13534', '927', '252', '宝塔蓝 橄榄绿 星空蓝 深海蓝 凯旋红 石榴紫 经典红');
INSERT INTO `propertyvalue` VALUES ('13535', '927', '251', '麦克英孚(宁波)婴童用品有限公司');
INSERT INTO `propertyvalue` VALUES ('13536', '927', '250', '太空城堡');
INSERT INTO `propertyvalue` VALUES ('13537', '927', '249', '2014092207000022');
INSERT INTO `propertyvalue` VALUES ('13538', '927', '248', '25KG以下');
INSERT INTO `propertyvalue` VALUES ('13539', '927', '247', 'Isofix接口');
INSERT INTO `propertyvalue` VALUES ('13540', '927', '246', '麦克英孚(宁波)婴童用品有限公司');
INSERT INTO `propertyvalue` VALUES ('13541', '927', '245', 'R102A太空城堡儿童约束系统');
INSERT INTO `propertyvalue` VALUES ('13542', '927', '244', '有效');
INSERT INTO `propertyvalue` VALUES ('13543', '927', '243', '中国大陆');
INSERT INTO `propertyvalue` VALUES ('13544', '928', '257', '6周岁以下');
INSERT INTO `propertyvalue` VALUES ('13545', '928', '256', 'Baby first/宝贝第一');
INSERT INTO `propertyvalue` VALUES ('13546', '928', '255', '五点式');
INSERT INTO `propertyvalue` VALUES ('13547', '928', '254', '机动车儿童乘员用约束系统');
INSERT INTO `propertyvalue` VALUES ('13548', '928', '253', '坐式');
INSERT INTO `propertyvalue` VALUES ('13549', '928', '252', '宝塔蓝 橄榄绿 星空蓝 深海蓝 凯旋红 石榴紫 经典红');
INSERT INTO `propertyvalue` VALUES ('13550', '928', '251', '麦克英孚(宁波)婴童用品有限公司');
INSERT INTO `propertyvalue` VALUES ('13551', '928', '250', '太空城堡');
INSERT INTO `propertyvalue` VALUES ('13552', '928', '249', '2014092207000022');
INSERT INTO `propertyvalue` VALUES ('13553', '928', '248', '25KG以下');
INSERT INTO `propertyvalue` VALUES ('13554', '928', '247', 'Isofix接口');
INSERT INTO `propertyvalue` VALUES ('13555', '928', '246', '麦克英孚(宁波)婴童用品有限公司');
INSERT INTO `propertyvalue` VALUES ('13556', '928', '245', 'R102A太空城堡儿童约束系统');
INSERT INTO `propertyvalue` VALUES ('13557', '928', '244', '有效');
INSERT INTO `propertyvalue` VALUES ('13558', '928', '243', '中国大陆');
INSERT INTO `propertyvalue` VALUES ('13559', '929', '257', '6周岁以下');
INSERT INTO `propertyvalue` VALUES ('13560', '929', '256', 'Baby first/宝贝第一');
INSERT INTO `propertyvalue` VALUES ('13561', '929', '255', '五点式');
INSERT INTO `propertyvalue` VALUES ('13562', '929', '254', '机动车儿童乘员用约束系统');
INSERT INTO `propertyvalue` VALUES ('13563', '929', '253', '坐式');
INSERT INTO `propertyvalue` VALUES ('13564', '929', '252', '宝塔蓝 橄榄绿 星空蓝 深海蓝 凯旋红 石榴紫 经典红');
INSERT INTO `propertyvalue` VALUES ('13565', '929', '251', '麦克英孚(宁波)婴童用品有限公司');
INSERT INTO `propertyvalue` VALUES ('13566', '929', '250', '太空城堡');
INSERT INTO `propertyvalue` VALUES ('13567', '929', '249', '2014092207000022');
INSERT INTO `propertyvalue` VALUES ('13568', '929', '248', '25KG以下');
INSERT INTO `propertyvalue` VALUES ('13569', '929', '247', 'Isofix接口');
INSERT INTO `propertyvalue` VALUES ('13570', '929', '246', '麦克英孚(宁波)婴童用品有限公司');
INSERT INTO `propertyvalue` VALUES ('13571', '929', '245', 'R102A太空城堡儿童约束系统');
INSERT INTO `propertyvalue` VALUES ('13572', '929', '244', '有效');
INSERT INTO `propertyvalue` VALUES ('13573', '929', '243', '中国大陆');
INSERT INTO `propertyvalue` VALUES ('13574', '930', '257', '6周岁以下');
INSERT INTO `propertyvalue` VALUES ('13575', '930', '256', 'Baby first/宝贝第一');
INSERT INTO `propertyvalue` VALUES ('13576', '930', '255', '五点式');
INSERT INTO `propertyvalue` VALUES ('13577', '930', '254', '机动车儿童乘员用约束系统');
INSERT INTO `propertyvalue` VALUES ('13578', '930', '253', '坐式');
INSERT INTO `propertyvalue` VALUES ('13579', '930', '252', '宝塔蓝 橄榄绿 星空蓝 深海蓝 凯旋红 石榴紫 经典红');
INSERT INTO `propertyvalue` VALUES ('13580', '930', '251', '麦克英孚(宁波)婴童用品有限公司');
INSERT INTO `propertyvalue` VALUES ('13581', '930', '250', '太空城堡');
INSERT INTO `propertyvalue` VALUES ('13582', '930', '249', '2014092207000022');
INSERT INTO `propertyvalue` VALUES ('13583', '930', '248', '25KG以下');
INSERT INTO `propertyvalue` VALUES ('13584', '930', '247', 'Isofix接口');
INSERT INTO `propertyvalue` VALUES ('13585', '930', '246', '麦克英孚(宁波)婴童用品有限公司');
INSERT INTO `propertyvalue` VALUES ('13586', '930', '245', 'R102A太空城堡儿童约束系统');
INSERT INTO `propertyvalue` VALUES ('13587', '930', '244', '有效');
INSERT INTO `propertyvalue` VALUES ('13588', '930', '243', '中国大陆');
INSERT INTO `propertyvalue` VALUES ('13589', '931', '257', '6周岁以下');
INSERT INTO `propertyvalue` VALUES ('13590', '931', '256', 'Baby first/宝贝第一');
INSERT INTO `propertyvalue` VALUES ('13591', '931', '255', '五点式');
INSERT INTO `propertyvalue` VALUES ('13592', '931', '254', '机动车儿童乘员用约束系统');
INSERT INTO `propertyvalue` VALUES ('13593', '931', '253', '坐式');
INSERT INTO `propertyvalue` VALUES ('13594', '931', '252', '宝塔蓝 橄榄绿 星空蓝 深海蓝 凯旋红 石榴紫 经典红');
INSERT INTO `propertyvalue` VALUES ('13595', '931', '251', '麦克英孚(宁波)婴童用品有限公司');
INSERT INTO `propertyvalue` VALUES ('13596', '931', '250', '太空城堡');
INSERT INTO `propertyvalue` VALUES ('13597', '931', '249', '2014092207000022');
INSERT INTO `propertyvalue` VALUES ('13598', '931', '248', '25KG以下');
INSERT INTO `propertyvalue` VALUES ('13599', '931', '247', 'Isofix接口');
INSERT INTO `propertyvalue` VALUES ('13600', '931', '246', '麦克英孚(宁波)婴童用品有限公司');
INSERT INTO `propertyvalue` VALUES ('13601', '931', '245', 'R102A太空城堡儿童约束系统');
INSERT INTO `propertyvalue` VALUES ('13602', '931', '244', '有效');
INSERT INTO `propertyvalue` VALUES ('13603', '931', '243', '中国大陆');
INSERT INTO `propertyvalue` VALUES ('13604', '932', '257', '6周岁以下');
INSERT INTO `propertyvalue` VALUES ('13605', '932', '256', 'Baby first/宝贝第一');
INSERT INTO `propertyvalue` VALUES ('13606', '932', '255', '五点式');
INSERT INTO `propertyvalue` VALUES ('13607', '932', '254', '机动车儿童乘员用约束系统');
INSERT INTO `propertyvalue` VALUES ('13608', '932', '253', '坐式');
INSERT INTO `propertyvalue` VALUES ('13609', '932', '252', '宝塔蓝 橄榄绿 星空蓝 深海蓝 凯旋红 石榴紫 经典红');
INSERT INTO `propertyvalue` VALUES ('13610', '932', '251', '麦克英孚(宁波)婴童用品有限公司');
INSERT INTO `propertyvalue` VALUES ('13611', '932', '250', '太空城堡');
INSERT INTO `propertyvalue` VALUES ('13612', '932', '249', '2014092207000022');
INSERT INTO `propertyvalue` VALUES ('13613', '932', '248', '25KG以下');
INSERT INTO `propertyvalue` VALUES ('13614', '932', '247', 'Isofix接口');
INSERT INTO `propertyvalue` VALUES ('13615', '932', '246', '麦克英孚(宁波)婴童用品有限公司');
INSERT INTO `propertyvalue` VALUES ('13616', '932', '245', 'R102A太空城堡儿童约束系统');
INSERT INTO `propertyvalue` VALUES ('13617', '932', '244', '有效');
INSERT INTO `propertyvalue` VALUES ('13618', '932', '243', '中国大陆');
INSERT INTO `propertyvalue` VALUES ('13619', '933', '257', '6周岁以下');
INSERT INTO `propertyvalue` VALUES ('13620', '933', '256', 'Baby first/宝贝第一');
INSERT INTO `propertyvalue` VALUES ('13621', '933', '255', '五点式');
INSERT INTO `propertyvalue` VALUES ('13622', '933', '254', '机动车儿童乘员用约束系统');
INSERT INTO `propertyvalue` VALUES ('13623', '933', '253', '坐式');
INSERT INTO `propertyvalue` VALUES ('13624', '933', '252', '宝塔蓝 橄榄绿 星空蓝 深海蓝 凯旋红 石榴紫 经典红');
INSERT INTO `propertyvalue` VALUES ('13625', '933', '251', '麦克英孚(宁波)婴童用品有限公司');
INSERT INTO `propertyvalue` VALUES ('13626', '933', '250', '太空城堡');
INSERT INTO `propertyvalue` VALUES ('13627', '933', '249', '2014092207000022');
INSERT INTO `propertyvalue` VALUES ('13628', '933', '248', '25KG以下');
INSERT INTO `propertyvalue` VALUES ('13629', '933', '247', 'Isofix接口');
INSERT INTO `propertyvalue` VALUES ('13630', '933', '246', '麦克英孚(宁波)婴童用品有限公司');
INSERT INTO `propertyvalue` VALUES ('13631', '933', '245', 'R102A太空城堡儿童约束系统');
INSERT INTO `propertyvalue` VALUES ('13632', '933', '244', '有效');
INSERT INTO `propertyvalue` VALUES ('13633', '933', '243', '中国大陆');
INSERT INTO `propertyvalue` VALUES ('13634', '934', '257', '6周岁以下');
INSERT INTO `propertyvalue` VALUES ('13635', '934', '256', 'Baby first/宝贝第一');
INSERT INTO `propertyvalue` VALUES ('13636', '934', '255', '五点式');
INSERT INTO `propertyvalue` VALUES ('13637', '934', '254', '机动车儿童乘员用约束系统');
INSERT INTO `propertyvalue` VALUES ('13638', '934', '253', '坐式');
INSERT INTO `propertyvalue` VALUES ('13639', '934', '252', '宝塔蓝 橄榄绿 星空蓝 深海蓝 凯旋红 石榴紫 经典红');
INSERT INTO `propertyvalue` VALUES ('13640', '934', '251', '麦克英孚(宁波)婴童用品有限公司');
INSERT INTO `propertyvalue` VALUES ('13641', '934', '250', '太空城堡');
INSERT INTO `propertyvalue` VALUES ('13642', '934', '249', '2014092207000022');
INSERT INTO `propertyvalue` VALUES ('13643', '934', '248', '25KG以下');
INSERT INTO `propertyvalue` VALUES ('13644', '934', '247', 'Isofix接口');
INSERT INTO `propertyvalue` VALUES ('13645', '934', '246', '麦克英孚(宁波)婴童用品有限公司');
INSERT INTO `propertyvalue` VALUES ('13646', '934', '245', 'R102A太空城堡儿童约束系统');
INSERT INTO `propertyvalue` VALUES ('13647', '934', '244', '有效');
INSERT INTO `propertyvalue` VALUES ('13648', '934', '243', '中国大陆');
INSERT INTO `propertyvalue` VALUES ('13649', '935', '257', '6周岁以下');
INSERT INTO `propertyvalue` VALUES ('13650', '935', '256', 'Baby first/宝贝第一');
INSERT INTO `propertyvalue` VALUES ('13651', '935', '255', '五点式');
INSERT INTO `propertyvalue` VALUES ('13652', '935', '254', '机动车儿童乘员用约束系统');
INSERT INTO `propertyvalue` VALUES ('13653', '935', '253', '坐式');
INSERT INTO `propertyvalue` VALUES ('13654', '935', '252', '宝塔蓝 橄榄绿 星空蓝 深海蓝 凯旋红 石榴紫 经典红');
INSERT INTO `propertyvalue` VALUES ('13655', '935', '251', '麦克英孚(宁波)婴童用品有限公司');
INSERT INTO `propertyvalue` VALUES ('13656', '935', '250', '太空城堡');
INSERT INTO `propertyvalue` VALUES ('13657', '935', '249', '2014092207000022');
INSERT INTO `propertyvalue` VALUES ('13658', '935', '248', '25KG以下');
INSERT INTO `propertyvalue` VALUES ('13659', '935', '247', 'Isofix接口');
INSERT INTO `propertyvalue` VALUES ('13660', '935', '246', '麦克英孚(宁波)婴童用品有限公司');
INSERT INTO `propertyvalue` VALUES ('13661', '935', '245', 'R102A太空城堡儿童约束系统');
INSERT INTO `propertyvalue` VALUES ('13662', '935', '244', '有效');
INSERT INTO `propertyvalue` VALUES ('13663', '935', '243', '中国大陆');
INSERT INTO `propertyvalue` VALUES ('13664', '936', '257', '6周岁以下');
INSERT INTO `propertyvalue` VALUES ('13665', '936', '256', 'Baby first/宝贝第一');
INSERT INTO `propertyvalue` VALUES ('13666', '936', '255', '五点式');
INSERT INTO `propertyvalue` VALUES ('13667', '936', '254', '机动车儿童乘员用约束系统');
INSERT INTO `propertyvalue` VALUES ('13668', '936', '253', '坐式');
INSERT INTO `propertyvalue` VALUES ('13669', '936', '252', '宝塔蓝 橄榄绿 星空蓝 深海蓝 凯旋红 石榴紫 经典红');
INSERT INTO `propertyvalue` VALUES ('13670', '936', '251', '麦克英孚(宁波)婴童用品有限公司');
INSERT INTO `propertyvalue` VALUES ('13671', '936', '250', '太空城堡');
INSERT INTO `propertyvalue` VALUES ('13672', '936', '249', '2014092207000022');
INSERT INTO `propertyvalue` VALUES ('13673', '936', '248', '25KG以下');
INSERT INTO `propertyvalue` VALUES ('13674', '936', '247', 'Isofix接口');
INSERT INTO `propertyvalue` VALUES ('13675', '936', '246', '麦克英孚(宁波)婴童用品有限公司');
INSERT INTO `propertyvalue` VALUES ('13676', '936', '245', 'R102A太空城堡儿童约束系统');
INSERT INTO `propertyvalue` VALUES ('13677', '936', '244', '有效');
INSERT INTO `propertyvalue` VALUES ('13678', '936', '243', '中国大陆');
INSERT INTO `propertyvalue` VALUES ('13679', '937', '257', '6周岁以下');
INSERT INTO `propertyvalue` VALUES ('13680', '937', '256', 'Baby first/宝贝第一');
INSERT INTO `propertyvalue` VALUES ('13681', '937', '255', '五点式');
INSERT INTO `propertyvalue` VALUES ('13682', '937', '254', '机动车儿童乘员用约束系统');
INSERT INTO `propertyvalue` VALUES ('13683', '937', '253', '坐式');
INSERT INTO `propertyvalue` VALUES ('13684', '937', '252', '宝塔蓝 橄榄绿 星空蓝 深海蓝 凯旋红 石榴紫 经典红');
INSERT INTO `propertyvalue` VALUES ('13685', '937', '251', '麦克英孚(宁波)婴童用品有限公司');
INSERT INTO `propertyvalue` VALUES ('13686', '937', '250', '太空城堡');
INSERT INTO `propertyvalue` VALUES ('13687', '937', '249', '2014092207000022');
INSERT INTO `propertyvalue` VALUES ('13688', '937', '248', '25KG以下');
INSERT INTO `propertyvalue` VALUES ('13689', '937', '247', 'Isofix接口');
INSERT INTO `propertyvalue` VALUES ('13690', '937', '246', '麦克英孚(宁波)婴童用品有限公司');
INSERT INTO `propertyvalue` VALUES ('13691', '937', '245', 'R102A太空城堡儿童约束系统');
INSERT INTO `propertyvalue` VALUES ('13692', '937', '244', '有效');
INSERT INTO `propertyvalue` VALUES ('13693', '937', '243', '中国大陆');
INSERT INTO `propertyvalue` VALUES ('13694', '938', '257', '6周岁以下');
INSERT INTO `propertyvalue` VALUES ('13695', '938', '256', 'Baby first/宝贝第一');
INSERT INTO `propertyvalue` VALUES ('13696', '938', '255', '五点式');
INSERT INTO `propertyvalue` VALUES ('13697', '938', '254', '机动车儿童乘员用约束系统');
INSERT INTO `propertyvalue` VALUES ('13698', '938', '253', '坐式');
INSERT INTO `propertyvalue` VALUES ('13699', '938', '252', '宝塔蓝 橄榄绿 星空蓝 深海蓝 凯旋红 石榴紫 经典红');
INSERT INTO `propertyvalue` VALUES ('13700', '938', '251', '麦克英孚(宁波)婴童用品有限公司');
INSERT INTO `propertyvalue` VALUES ('13701', '938', '250', '太空城堡');
INSERT INTO `propertyvalue` VALUES ('13702', '938', '249', '2014092207000022');
INSERT INTO `propertyvalue` VALUES ('13703', '938', '248', '25KG以下');
INSERT INTO `propertyvalue` VALUES ('13704', '938', '247', 'Isofix接口');
INSERT INTO `propertyvalue` VALUES ('13705', '938', '246', '麦克英孚(宁波)婴童用品有限公司');
INSERT INTO `propertyvalue` VALUES ('13706', '938', '245', 'R102A太空城堡儿童约束系统');
INSERT INTO `propertyvalue` VALUES ('13707', '938', '244', '有效');
INSERT INTO `propertyvalue` VALUES ('13708', '938', '243', '中国大陆');
INSERT INTO `propertyvalue` VALUES ('13709', '939', '257', '6周岁以下');
INSERT INTO `propertyvalue` VALUES ('13710', '939', '256', 'Baby first/宝贝第一');
INSERT INTO `propertyvalue` VALUES ('13711', '939', '255', '五点式');
INSERT INTO `propertyvalue` VALUES ('13712', '939', '254', '机动车儿童乘员用约束系统');
INSERT INTO `propertyvalue` VALUES ('13713', '939', '253', '坐式');
INSERT INTO `propertyvalue` VALUES ('13714', '939', '252', '宝塔蓝 橄榄绿 星空蓝 深海蓝 凯旋红 石榴紫 经典红');
INSERT INTO `propertyvalue` VALUES ('13715', '939', '251', '麦克英孚(宁波)婴童用品有限公司');
INSERT INTO `propertyvalue` VALUES ('13716', '939', '250', '太空城堡');
INSERT INTO `propertyvalue` VALUES ('13717', '939', '249', '2014092207000022');
INSERT INTO `propertyvalue` VALUES ('13718', '939', '248', '25KG以下');
INSERT INTO `propertyvalue` VALUES ('13719', '939', '247', 'Isofix接口');
INSERT INTO `propertyvalue` VALUES ('13720', '939', '246', '麦克英孚(宁波)婴童用品有限公司');
INSERT INTO `propertyvalue` VALUES ('13721', '939', '245', 'R102A太空城堡儿童约束系统');
INSERT INTO `propertyvalue` VALUES ('13722', '939', '244', '有效');
INSERT INTO `propertyvalue` VALUES ('13723', '939', '243', '中国大陆');
INSERT INTO `propertyvalue` VALUES ('13724', '940', '257', '6周岁以下');
INSERT INTO `propertyvalue` VALUES ('13725', '940', '256', 'Baby first/宝贝第一');
INSERT INTO `propertyvalue` VALUES ('13726', '940', '255', '五点式');
INSERT INTO `propertyvalue` VALUES ('13727', '940', '254', '机动车儿童乘员用约束系统');
INSERT INTO `propertyvalue` VALUES ('13728', '940', '253', '坐式');
INSERT INTO `propertyvalue` VALUES ('13729', '940', '252', '宝塔蓝 橄榄绿 星空蓝 深海蓝 凯旋红 石榴紫 经典红');
INSERT INTO `propertyvalue` VALUES ('13730', '940', '251', '麦克英孚(宁波)婴童用品有限公司');
INSERT INTO `propertyvalue` VALUES ('13731', '940', '250', '太空城堡');
INSERT INTO `propertyvalue` VALUES ('13732', '940', '249', '2014092207000022');
INSERT INTO `propertyvalue` VALUES ('13733', '940', '248', '25KG以下');
INSERT INTO `propertyvalue` VALUES ('13734', '940', '247', 'Isofix接口');
INSERT INTO `propertyvalue` VALUES ('13735', '940', '246', '麦克英孚(宁波)婴童用品有限公司');
INSERT INTO `propertyvalue` VALUES ('13736', '940', '245', 'R102A太空城堡儿童约束系统');
INSERT INTO `propertyvalue` VALUES ('13737', '940', '244', '有效');
INSERT INTO `propertyvalue` VALUES ('13738', '940', '243', '中国大陆');
INSERT INTO `propertyvalue` VALUES ('13739', '941', '257', '6周岁以下');
INSERT INTO `propertyvalue` VALUES ('13740', '941', '256', 'Baby first/宝贝第一');
INSERT INTO `propertyvalue` VALUES ('13741', '941', '255', '五点式');
INSERT INTO `propertyvalue` VALUES ('13742', '941', '254', '机动车儿童乘员用约束系统');
INSERT INTO `propertyvalue` VALUES ('13743', '941', '253', '坐式');
INSERT INTO `propertyvalue` VALUES ('13744', '941', '252', '宝塔蓝 橄榄绿 星空蓝 深海蓝 凯旋红 石榴紫 经典红');
INSERT INTO `propertyvalue` VALUES ('13745', '941', '251', '麦克英孚(宁波)婴童用品有限公司');
INSERT INTO `propertyvalue` VALUES ('13746', '941', '250', '太空城堡');
INSERT INTO `propertyvalue` VALUES ('13747', '941', '249', '2014092207000022');
INSERT INTO `propertyvalue` VALUES ('13748', '941', '248', '25KG以下');
INSERT INTO `propertyvalue` VALUES ('13749', '941', '247', 'Isofix接口');
INSERT INTO `propertyvalue` VALUES ('13750', '941', '246', '麦克英孚(宁波)婴童用品有限公司');
INSERT INTO `propertyvalue` VALUES ('13751', '941', '245', 'R102A太空城堡儿童约束系统');
INSERT INTO `propertyvalue` VALUES ('13752', '941', '244', '有效');
INSERT INTO `propertyvalue` VALUES ('13753', '941', '243', '中国大陆');
INSERT INTO `propertyvalue` VALUES ('13754', '942', '257', '6周岁以下');
INSERT INTO `propertyvalue` VALUES ('13755', '942', '256', 'Baby first/宝贝第一');
INSERT INTO `propertyvalue` VALUES ('13756', '942', '255', '五点式');
INSERT INTO `propertyvalue` VALUES ('13757', '942', '254', '机动车儿童乘员用约束系统');
INSERT INTO `propertyvalue` VALUES ('13758', '942', '253', '坐式');
INSERT INTO `propertyvalue` VALUES ('13759', '942', '252', '宝塔蓝 橄榄绿 星空蓝 深海蓝 凯旋红 石榴紫 经典红');
INSERT INTO `propertyvalue` VALUES ('13760', '942', '251', '麦克英孚(宁波)婴童用品有限公司');
INSERT INTO `propertyvalue` VALUES ('13761', '942', '250', '太空城堡');
INSERT INTO `propertyvalue` VALUES ('13762', '942', '249', '2014092207000022');
INSERT INTO `propertyvalue` VALUES ('13763', '942', '248', '25KG以下');
INSERT INTO `propertyvalue` VALUES ('13764', '942', '247', 'Isofix接口');
INSERT INTO `propertyvalue` VALUES ('13765', '942', '246', '麦克英孚(宁波)婴童用品有限公司');
INSERT INTO `propertyvalue` VALUES ('13766', '942', '245', 'R102A太空城堡儿童约束系统');
INSERT INTO `propertyvalue` VALUES ('13767', '942', '244', '有效');
INSERT INTO `propertyvalue` VALUES ('13768', '942', '243', '中国大陆');
INSERT INTO `propertyvalue` VALUES ('13769', '943', '257', '6周岁以下');
INSERT INTO `propertyvalue` VALUES ('13770', '943', '256', 'Baby first/宝贝第一');
INSERT INTO `propertyvalue` VALUES ('13771', '943', '255', '五点式');
INSERT INTO `propertyvalue` VALUES ('13772', '943', '254', '机动车儿童乘员用约束系统');
INSERT INTO `propertyvalue` VALUES ('13773', '943', '253', '坐式');
INSERT INTO `propertyvalue` VALUES ('13774', '943', '252', '宝塔蓝 橄榄绿 星空蓝 深海蓝 凯旋红 石榴紫 经典红');
INSERT INTO `propertyvalue` VALUES ('13775', '943', '251', '麦克英孚(宁波)婴童用品有限公司');
INSERT INTO `propertyvalue` VALUES ('13776', '943', '250', '太空城堡');
INSERT INTO `propertyvalue` VALUES ('13777', '943', '249', '2014092207000022');
INSERT INTO `propertyvalue` VALUES ('13778', '943', '248', '25KG以下');
INSERT INTO `propertyvalue` VALUES ('13779', '943', '247', 'Isofix接口');
INSERT INTO `propertyvalue` VALUES ('13780', '943', '246', '麦克英孚(宁波)婴童用品有限公司');
INSERT INTO `propertyvalue` VALUES ('13781', '943', '245', 'R102A太空城堡儿童约束系统');
INSERT INTO `propertyvalue` VALUES ('13782', '943', '244', '有效');
INSERT INTO `propertyvalue` VALUES ('13783', '943', '243', '中国大陆');
INSERT INTO `propertyvalue` VALUES ('13784', '944', '257', '6周岁以下');
INSERT INTO `propertyvalue` VALUES ('13785', '944', '256', 'Baby first/宝贝第一');
INSERT INTO `propertyvalue` VALUES ('13786', '944', '255', '五点式');
INSERT INTO `propertyvalue` VALUES ('13787', '944', '254', '机动车儿童乘员用约束系统');
INSERT INTO `propertyvalue` VALUES ('13788', '944', '253', '坐式');
INSERT INTO `propertyvalue` VALUES ('13789', '944', '252', '宝塔蓝 橄榄绿 星空蓝 深海蓝 凯旋红 石榴紫 经典红');
INSERT INTO `propertyvalue` VALUES ('13790', '944', '251', '麦克英孚(宁波)婴童用品有限公司');
INSERT INTO `propertyvalue` VALUES ('13791', '944', '250', '太空城堡');
INSERT INTO `propertyvalue` VALUES ('13792', '944', '249', '2014092207000022');
INSERT INTO `propertyvalue` VALUES ('13793', '944', '248', '25KG以下');
INSERT INTO `propertyvalue` VALUES ('13794', '944', '247', 'Isofix接口');
INSERT INTO `propertyvalue` VALUES ('13795', '944', '246', '麦克英孚(宁波)婴童用品有限公司');
INSERT INTO `propertyvalue` VALUES ('13796', '944', '245', 'R102A太空城堡儿童约束系统');
INSERT INTO `propertyvalue` VALUES ('13797', '944', '244', '有效');
INSERT INTO `propertyvalue` VALUES ('13798', '944', '243', '中国大陆');
INSERT INTO `propertyvalue` VALUES ('13799', '945', '257', '6周岁以下');
INSERT INTO `propertyvalue` VALUES ('13800', '945', '256', 'Baby first/宝贝第一');
INSERT INTO `propertyvalue` VALUES ('13801', '945', '255', '五点式');
INSERT INTO `propertyvalue` VALUES ('13802', '945', '254', '机动车儿童乘员用约束系统');
INSERT INTO `propertyvalue` VALUES ('13803', '945', '253', '坐式');
INSERT INTO `propertyvalue` VALUES ('13804', '945', '252', '宝塔蓝 橄榄绿 星空蓝 深海蓝 凯旋红 石榴紫 经典红');
INSERT INTO `propertyvalue` VALUES ('13805', '945', '251', '麦克英孚(宁波)婴童用品有限公司');
INSERT INTO `propertyvalue` VALUES ('13806', '945', '250', '太空城堡');
INSERT INTO `propertyvalue` VALUES ('13807', '945', '249', '2014092207000022');
INSERT INTO `propertyvalue` VALUES ('13808', '945', '248', '25KG以下');
INSERT INTO `propertyvalue` VALUES ('13809', '945', '247', 'Isofix接口');
INSERT INTO `propertyvalue` VALUES ('13810', '945', '246', '麦克英孚(宁波)婴童用品有限公司');
INSERT INTO `propertyvalue` VALUES ('13811', '945', '245', 'R102A太空城堡儿童约束系统');
INSERT INTO `propertyvalue` VALUES ('13812', '945', '244', '有效');
INSERT INTO `propertyvalue` VALUES ('13813', '945', '243', '中国大陆');
INSERT INTO `propertyvalue` VALUES ('13814', '946', '257', '6周岁以下');
INSERT INTO `propertyvalue` VALUES ('13815', '946', '256', 'Baby first/宝贝第一');
INSERT INTO `propertyvalue` VALUES ('13816', '946', '255', '五点式');
INSERT INTO `propertyvalue` VALUES ('13817', '946', '254', '机动车儿童乘员用约束系统');
INSERT INTO `propertyvalue` VALUES ('13818', '946', '253', '坐式');
INSERT INTO `propertyvalue` VALUES ('13819', '946', '252', '宝塔蓝 橄榄绿 星空蓝 深海蓝 凯旋红 石榴紫 经典红');
INSERT INTO `propertyvalue` VALUES ('13820', '946', '251', '麦克英孚(宁波)婴童用品有限公司');
INSERT INTO `propertyvalue` VALUES ('13821', '946', '250', '太空城堡');
INSERT INTO `propertyvalue` VALUES ('13822', '946', '249', '2014092207000022');
INSERT INTO `propertyvalue` VALUES ('13823', '946', '248', '25KG以下');
INSERT INTO `propertyvalue` VALUES ('13824', '946', '247', 'Isofix接口');
INSERT INTO `propertyvalue` VALUES ('13825', '946', '246', '麦克英孚(宁波)婴童用品有限公司');
INSERT INTO `propertyvalue` VALUES ('13826', '946', '245', 'R102A太空城堡儿童约束系统');
INSERT INTO `propertyvalue` VALUES ('13827', '946', '244', '有效');
INSERT INTO `propertyvalue` VALUES ('13828', '946', '243', '中国大陆');
INSERT INTO `propertyvalue` VALUES ('13829', '947', '257', '6周岁以下');
INSERT INTO `propertyvalue` VALUES ('13830', '947', '256', 'Baby first/宝贝第一');
INSERT INTO `propertyvalue` VALUES ('13831', '947', '255', '五点式');
INSERT INTO `propertyvalue` VALUES ('13832', '947', '254', '机动车儿童乘员用约束系统');
INSERT INTO `propertyvalue` VALUES ('13833', '947', '253', '坐式');
INSERT INTO `propertyvalue` VALUES ('13834', '947', '252', '宝塔蓝 橄榄绿 星空蓝 深海蓝 凯旋红 石榴紫 经典红');
INSERT INTO `propertyvalue` VALUES ('13835', '947', '251', '麦克英孚(宁波)婴童用品有限公司');
INSERT INTO `propertyvalue` VALUES ('13836', '947', '250', '太空城堡');
INSERT INTO `propertyvalue` VALUES ('13837', '947', '249', '2014092207000022');
INSERT INTO `propertyvalue` VALUES ('13838', '947', '248', '25KG以下');
INSERT INTO `propertyvalue` VALUES ('13839', '947', '247', 'Isofix接口');
INSERT INTO `propertyvalue` VALUES ('13840', '947', '246', '麦克英孚(宁波)婴童用品有限公司');
INSERT INTO `propertyvalue` VALUES ('13841', '947', '245', 'R102A太空城堡儿童约束系统');
INSERT INTO `propertyvalue` VALUES ('13842', '947', '244', '有效');
INSERT INTO `propertyvalue` VALUES ('13843', '947', '243', '中国大陆');
INSERT INTO `propertyvalue` VALUES ('13844', '948', '257', '6周岁以下');
INSERT INTO `propertyvalue` VALUES ('13845', '948', '256', 'Baby first/宝贝第一');
INSERT INTO `propertyvalue` VALUES ('13846', '948', '255', '五点式');
INSERT INTO `propertyvalue` VALUES ('13847', '948', '254', '机动车儿童乘员用约束系统');
INSERT INTO `propertyvalue` VALUES ('13848', '948', '253', '坐式');
INSERT INTO `propertyvalue` VALUES ('13849', '948', '252', '宝塔蓝 橄榄绿 星空蓝 深海蓝 凯旋红 石榴紫 经典红');
INSERT INTO `propertyvalue` VALUES ('13850', '948', '251', '麦克英孚(宁波)婴童用品有限公司');
INSERT INTO `propertyvalue` VALUES ('13851', '948', '250', '太空城堡');
INSERT INTO `propertyvalue` VALUES ('13852', '948', '249', '2014092207000022');
INSERT INTO `propertyvalue` VALUES ('13853', '948', '248', '25KG以下');
INSERT INTO `propertyvalue` VALUES ('13854', '948', '247', 'Isofix接口');
INSERT INTO `propertyvalue` VALUES ('13855', '948', '246', '麦克英孚(宁波)婴童用品有限公司');
INSERT INTO `propertyvalue` VALUES ('13856', '948', '245', 'R102A太空城堡儿童约束系统');
INSERT INTO `propertyvalue` VALUES ('13857', '948', '244', '有效');
INSERT INTO `propertyvalue` VALUES ('13858', '948', '243', '中国大陆');
INSERT INTO `propertyvalue` VALUES ('13859', '949', '257', '6周岁以下');
INSERT INTO `propertyvalue` VALUES ('13860', '949', '256', 'Baby first/宝贝第一');
INSERT INTO `propertyvalue` VALUES ('13861', '949', '255', '五点式');
INSERT INTO `propertyvalue` VALUES ('13862', '949', '254', '机动车儿童乘员用约束系统');
INSERT INTO `propertyvalue` VALUES ('13863', '949', '253', '坐式');
INSERT INTO `propertyvalue` VALUES ('13864', '949', '252', '宝塔蓝 橄榄绿 星空蓝 深海蓝 凯旋红 石榴紫 经典红');
INSERT INTO `propertyvalue` VALUES ('13865', '949', '251', '麦克英孚(宁波)婴童用品有限公司');
INSERT INTO `propertyvalue` VALUES ('13866', '949', '250', '太空城堡');
INSERT INTO `propertyvalue` VALUES ('13867', '949', '249', '2014092207000022');
INSERT INTO `propertyvalue` VALUES ('13868', '949', '248', '25KG以下');
INSERT INTO `propertyvalue` VALUES ('13869', '949', '247', 'Isofix接口');
INSERT INTO `propertyvalue` VALUES ('13870', '949', '246', '麦克英孚(宁波)婴童用品有限公司');
INSERT INTO `propertyvalue` VALUES ('13871', '949', '245', 'R102A太空城堡儿童约束系统');
INSERT INTO `propertyvalue` VALUES ('13872', '949', '244', '有效');
INSERT INTO `propertyvalue` VALUES ('13873', '949', '243', '中国大陆');
INSERT INTO `propertyvalue` VALUES ('13874', '950', '257', '6周岁以下');
INSERT INTO `propertyvalue` VALUES ('13875', '950', '256', 'Baby first/宝贝第一');
INSERT INTO `propertyvalue` VALUES ('13876', '950', '255', '五点式');
INSERT INTO `propertyvalue` VALUES ('13877', '950', '254', '机动车儿童乘员用约束系统');
INSERT INTO `propertyvalue` VALUES ('13878', '950', '253', '坐式');
INSERT INTO `propertyvalue` VALUES ('13879', '950', '252', '宝塔蓝 橄榄绿 星空蓝 深海蓝 凯旋红 石榴紫 经典红');
INSERT INTO `propertyvalue` VALUES ('13880', '950', '251', '麦克英孚(宁波)婴童用品有限公司');
INSERT INTO `propertyvalue` VALUES ('13881', '950', '250', '太空城堡');
INSERT INTO `propertyvalue` VALUES ('13882', '950', '249', '2014092207000022');
INSERT INTO `propertyvalue` VALUES ('13883', '950', '248', '25KG以下');
INSERT INTO `propertyvalue` VALUES ('13884', '950', '247', 'Isofix接口');
INSERT INTO `propertyvalue` VALUES ('13885', '950', '246', '麦克英孚(宁波)婴童用品有限公司');
INSERT INTO `propertyvalue` VALUES ('13886', '950', '245', 'R102A太空城堡儿童约束系统');
INSERT INTO `propertyvalue` VALUES ('13887', '950', '244', '有效');
INSERT INTO `propertyvalue` VALUES ('13888', '950', '243', '中国大陆');
INSERT INTO `propertyvalue` VALUES ('13889', '951', '257', '6周岁以下');
INSERT INTO `propertyvalue` VALUES ('13890', '951', '256', 'Baby first/宝贝第一');
INSERT INTO `propertyvalue` VALUES ('13891', '951', '255', '五点式');
INSERT INTO `propertyvalue` VALUES ('13892', '951', '254', '机动车儿童乘员用约束系统');
INSERT INTO `propertyvalue` VALUES ('13893', '951', '253', '坐式');
INSERT INTO `propertyvalue` VALUES ('13894', '951', '252', '宝塔蓝 橄榄绿 星空蓝 深海蓝 凯旋红 石榴紫 经典红');
INSERT INTO `propertyvalue` VALUES ('13895', '951', '251', '麦克英孚(宁波)婴童用品有限公司');
INSERT INTO `propertyvalue` VALUES ('13896', '951', '250', '太空城堡');
INSERT INTO `propertyvalue` VALUES ('13897', '951', '249', '2014092207000022');
INSERT INTO `propertyvalue` VALUES ('13898', '951', '248', '25KG以下');
INSERT INTO `propertyvalue` VALUES ('13899', '951', '247', 'Isofix接口');
INSERT INTO `propertyvalue` VALUES ('13900', '951', '246', '麦克英孚(宁波)婴童用品有限公司');
INSERT INTO `propertyvalue` VALUES ('13901', '951', '245', 'R102A太空城堡儿童约束系统');
INSERT INTO `propertyvalue` VALUES ('13902', '951', '244', '有效');
INSERT INTO `propertyvalue` VALUES ('13903', '951', '243', '中国大陆');
INSERT INTO `propertyvalue` VALUES ('13904', '952', '257', '6周岁以下');
INSERT INTO `propertyvalue` VALUES ('13905', '952', '256', 'Baby first/宝贝第一');
INSERT INTO `propertyvalue` VALUES ('13906', '952', '255', '五点式');
INSERT INTO `propertyvalue` VALUES ('13907', '952', '254', '机动车儿童乘员用约束系统');
INSERT INTO `propertyvalue` VALUES ('13908', '952', '253', '坐式');
INSERT INTO `propertyvalue` VALUES ('13909', '952', '252', '宝塔蓝 橄榄绿 星空蓝 深海蓝 凯旋红 石榴紫 经典红');
INSERT INTO `propertyvalue` VALUES ('13910', '952', '251', '麦克英孚(宁波)婴童用品有限公司');
INSERT INTO `propertyvalue` VALUES ('13911', '952', '250', '太空城堡');
INSERT INTO `propertyvalue` VALUES ('13912', '952', '249', '2014092207000022');
INSERT INTO `propertyvalue` VALUES ('13913', '952', '248', '25KG以下');
INSERT INTO `propertyvalue` VALUES ('13914', '952', '247', 'Isofix接口');
INSERT INTO `propertyvalue` VALUES ('13915', '952', '246', '麦克英孚(宁波)婴童用品有限公司');
INSERT INTO `propertyvalue` VALUES ('13916', '952', '245', 'R102A太空城堡儿童约束系统');
INSERT INTO `propertyvalue` VALUES ('13917', '952', '244', '有效');
INSERT INTO `propertyvalue` VALUES ('13918', '952', '243', '中国大陆');
INSERT INTO `propertyvalue` VALUES ('13919', '953', '257', '6周岁以下');
INSERT INTO `propertyvalue` VALUES ('13920', '953', '256', 'Baby first/宝贝第一');
INSERT INTO `propertyvalue` VALUES ('13921', '953', '255', '五点式');
INSERT INTO `propertyvalue` VALUES ('13922', '953', '254', '机动车儿童乘员用约束系统');
INSERT INTO `propertyvalue` VALUES ('13923', '953', '253', '坐式');
INSERT INTO `propertyvalue` VALUES ('13924', '953', '252', '宝塔蓝 橄榄绿 星空蓝 深海蓝 凯旋红 石榴紫 经典红');
INSERT INTO `propertyvalue` VALUES ('13925', '953', '251', '麦克英孚(宁波)婴童用品有限公司');
INSERT INTO `propertyvalue` VALUES ('13926', '953', '250', '太空城堡');
INSERT INTO `propertyvalue` VALUES ('13927', '953', '249', '2014092207000022');
INSERT INTO `propertyvalue` VALUES ('13928', '953', '248', '25KG以下');
INSERT INTO `propertyvalue` VALUES ('13929', '953', '247', 'Isofix接口');
INSERT INTO `propertyvalue` VALUES ('13930', '953', '246', '麦克英孚(宁波)婴童用品有限公司');
INSERT INTO `propertyvalue` VALUES ('13931', '953', '245', 'R102A太空城堡儿童约束系统');
INSERT INTO `propertyvalue` VALUES ('13932', '953', '244', '有效');
INSERT INTO `propertyvalue` VALUES ('13933', '953', '243', '中国大陆');
INSERT INTO `propertyvalue` VALUES ('13934', '954', '257', '6周岁以下');
INSERT INTO `propertyvalue` VALUES ('13935', '954', '256', 'Baby first/宝贝第一');
INSERT INTO `propertyvalue` VALUES ('13936', '954', '255', '五点式');
INSERT INTO `propertyvalue` VALUES ('13937', '954', '254', '机动车儿童乘员用约束系统');
INSERT INTO `propertyvalue` VALUES ('13938', '954', '253', '坐式');
INSERT INTO `propertyvalue` VALUES ('13939', '954', '252', '宝塔蓝 橄榄绿 星空蓝 深海蓝 凯旋红 石榴紫 经典红');
INSERT INTO `propertyvalue` VALUES ('13940', '954', '251', '麦克英孚(宁波)婴童用品有限公司');
INSERT INTO `propertyvalue` VALUES ('13941', '954', '250', '太空城堡');
INSERT INTO `propertyvalue` VALUES ('13942', '954', '249', '2014092207000022');
INSERT INTO `propertyvalue` VALUES ('13943', '954', '248', '25KG以下');
INSERT INTO `propertyvalue` VALUES ('13944', '954', '247', 'Isofix接口');
INSERT INTO `propertyvalue` VALUES ('13945', '954', '246', '麦克英孚(宁波)婴童用品有限公司');
INSERT INTO `propertyvalue` VALUES ('13946', '954', '245', 'R102A太空城堡儿童约束系统');
INSERT INTO `propertyvalue` VALUES ('13947', '954', '244', '有效');
INSERT INTO `propertyvalue` VALUES ('13948', '954', '243', '中国大陆');
INSERT INTO `propertyvalue` VALUES ('13949', '955', '257', '6周岁以下');
INSERT INTO `propertyvalue` VALUES ('13950', '955', '256', 'Baby first/宝贝第一');
INSERT INTO `propertyvalue` VALUES ('13951', '955', '255', '五点式');
INSERT INTO `propertyvalue` VALUES ('13952', '955', '254', '机动车儿童乘员用约束系统');
INSERT INTO `propertyvalue` VALUES ('13953', '955', '253', '坐式');
INSERT INTO `propertyvalue` VALUES ('13954', '955', '252', '宝塔蓝 橄榄绿 星空蓝 深海蓝 凯旋红 石榴紫 经典红');
INSERT INTO `propertyvalue` VALUES ('13955', '955', '251', '麦克英孚(宁波)婴童用品有限公司');
INSERT INTO `propertyvalue` VALUES ('13956', '955', '250', '太空城堡');
INSERT INTO `propertyvalue` VALUES ('13957', '955', '249', '2014092207000022');
INSERT INTO `propertyvalue` VALUES ('13958', '955', '248', '25KG以下');
INSERT INTO `propertyvalue` VALUES ('13959', '955', '247', 'Isofix接口');
INSERT INTO `propertyvalue` VALUES ('13960', '955', '246', '麦克英孚(宁波)婴童用品有限公司');
INSERT INTO `propertyvalue` VALUES ('13961', '955', '245', 'R102A太空城堡儿童约束系统');
INSERT INTO `propertyvalue` VALUES ('13962', '955', '244', '有效');
INSERT INTO `propertyvalue` VALUES ('13963', '955', '243', '中国大陆');
INSERT INTO `propertyvalue` VALUES ('13964', '956', '257', '6周岁以下');
INSERT INTO `propertyvalue` VALUES ('13965', '956', '256', 'Baby first/宝贝第一');
INSERT INTO `propertyvalue` VALUES ('13966', '956', '255', '五点式');
INSERT INTO `propertyvalue` VALUES ('13967', '956', '254', '机动车儿童乘员用约束系统');
INSERT INTO `propertyvalue` VALUES ('13968', '956', '253', '坐式');
INSERT INTO `propertyvalue` VALUES ('13969', '956', '252', '宝塔蓝 橄榄绿 星空蓝 深海蓝 凯旋红 石榴紫 经典红');
INSERT INTO `propertyvalue` VALUES ('13970', '956', '251', '麦克英孚(宁波)婴童用品有限公司');
INSERT INTO `propertyvalue` VALUES ('13971', '956', '250', '太空城堡');
INSERT INTO `propertyvalue` VALUES ('13972', '956', '249', '2014092207000022');
INSERT INTO `propertyvalue` VALUES ('13973', '956', '248', '25KG以下');
INSERT INTO `propertyvalue` VALUES ('13974', '956', '247', 'Isofix接口');
INSERT INTO `propertyvalue` VALUES ('13975', '956', '246', '麦克英孚(宁波)婴童用品有限公司');
INSERT INTO `propertyvalue` VALUES ('13976', '956', '245', 'R102A太空城堡儿童约束系统');
INSERT INTO `propertyvalue` VALUES ('13977', '956', '244', '有效');
INSERT INTO `propertyvalue` VALUES ('13978', '956', '243', '中国大陆');
INSERT INTO `propertyvalue` VALUES ('13979', '957', '257', '6周岁以下');
INSERT INTO `propertyvalue` VALUES ('13980', '957', '256', 'Baby first/宝贝第一');
INSERT INTO `propertyvalue` VALUES ('13981', '957', '255', '五点式');
INSERT INTO `propertyvalue` VALUES ('13982', '957', '254', '机动车儿童乘员用约束系统');
INSERT INTO `propertyvalue` VALUES ('13983', '957', '253', '坐式');
INSERT INTO `propertyvalue` VALUES ('13984', '957', '252', '宝塔蓝 橄榄绿 星空蓝 深海蓝 凯旋红 石榴紫 经典红');
INSERT INTO `propertyvalue` VALUES ('13985', '957', '251', '麦克英孚(宁波)婴童用品有限公司');
INSERT INTO `propertyvalue` VALUES ('13986', '957', '250', '太空城堡');
INSERT INTO `propertyvalue` VALUES ('13987', '957', '249', '2014092207000022');
INSERT INTO `propertyvalue` VALUES ('13988', '957', '248', '25KG以下');
INSERT INTO `propertyvalue` VALUES ('13989', '957', '247', 'Isofix接口');
INSERT INTO `propertyvalue` VALUES ('13990', '957', '246', '麦克英孚(宁波)婴童用品有限公司');
INSERT INTO `propertyvalue` VALUES ('13991', '957', '245', 'R102A太空城堡儿童约束系统');
INSERT INTO `propertyvalue` VALUES ('13992', '957', '244', '有效');
INSERT INTO `propertyvalue` VALUES ('13993', '957', '243', '中国大陆');
INSERT INTO `propertyvalue` VALUES ('13994', '958', '257', '6周岁以下');
INSERT INTO `propertyvalue` VALUES ('13995', '958', '256', 'Baby first/宝贝第一');
INSERT INTO `propertyvalue` VALUES ('13996', '958', '255', '五点式');
INSERT INTO `propertyvalue` VALUES ('13997', '958', '254', '机动车儿童乘员用约束系统');
INSERT INTO `propertyvalue` VALUES ('13998', '958', '253', '坐式');
INSERT INTO `propertyvalue` VALUES ('13999', '958', '252', '宝塔蓝 橄榄绿 星空蓝 深海蓝 凯旋红 石榴紫 经典红');
INSERT INTO `propertyvalue` VALUES ('14000', '958', '251', '麦克英孚(宁波)婴童用品有限公司');
INSERT INTO `propertyvalue` VALUES ('14001', '958', '250', '太空城堡');
INSERT INTO `propertyvalue` VALUES ('14002', '958', '249', '2014092207000022');
INSERT INTO `propertyvalue` VALUES ('14003', '958', '248', '25KG以下');
INSERT INTO `propertyvalue` VALUES ('14004', '958', '247', 'Isofix接口');
INSERT INTO `propertyvalue` VALUES ('14005', '958', '246', '麦克英孚(宁波)婴童用品有限公司');
INSERT INTO `propertyvalue` VALUES ('14006', '958', '245', 'R102A太空城堡儿童约束系统');
INSERT INTO `propertyvalue` VALUES ('14007', '958', '244', '有效');
INSERT INTO `propertyvalue` VALUES ('14008', '958', '243', '中国大陆');
INSERT INTO `propertyvalue` VALUES ('14009', '959', '257', '6周岁以下');
INSERT INTO `propertyvalue` VALUES ('14010', '959', '256', 'Baby first/宝贝第一');
INSERT INTO `propertyvalue` VALUES ('14011', '959', '255', '五点式');
INSERT INTO `propertyvalue` VALUES ('14012', '959', '254', '机动车儿童乘员用约束系统');
INSERT INTO `propertyvalue` VALUES ('14013', '959', '253', '坐式');
INSERT INTO `propertyvalue` VALUES ('14014', '959', '252', '宝塔蓝 橄榄绿 星空蓝 深海蓝 凯旋红 石榴紫 经典红');
INSERT INTO `propertyvalue` VALUES ('14015', '959', '251', '麦克英孚(宁波)婴童用品有限公司');
INSERT INTO `propertyvalue` VALUES ('14016', '959', '250', '太空城堡');
INSERT INTO `propertyvalue` VALUES ('14017', '959', '249', '2014092207000022');
INSERT INTO `propertyvalue` VALUES ('14018', '959', '248', '25KG以下');
INSERT INTO `propertyvalue` VALUES ('14019', '959', '247', 'Isofix接口');
INSERT INTO `propertyvalue` VALUES ('14020', '959', '246', '麦克英孚(宁波)婴童用品有限公司');
INSERT INTO `propertyvalue` VALUES ('14021', '959', '245', 'R102A太空城堡儿童约束系统');
INSERT INTO `propertyvalue` VALUES ('14022', '959', '244', '有效');
INSERT INTO `propertyvalue` VALUES ('14023', '959', '243', '中国大陆');
INSERT INTO `propertyvalue` VALUES ('14024', '960', '257', '6周岁以下');
INSERT INTO `propertyvalue` VALUES ('14025', '960', '256', 'Baby first/宝贝第一');
INSERT INTO `propertyvalue` VALUES ('14026', '960', '255', '五点式');
INSERT INTO `propertyvalue` VALUES ('14027', '960', '254', '机动车儿童乘员用约束系统');
INSERT INTO `propertyvalue` VALUES ('14028', '960', '253', '坐式2016');
INSERT INTO `propertyvalue` VALUES ('14029', '960', '252', '宝塔蓝 橄榄绿 星空蓝 深海蓝 凯旋红 石榴紫 经典红');
INSERT INTO `propertyvalue` VALUES ('14030', '960', '251', '麦克英孚(宁波)婴童用品有限公司');
INSERT INTO `propertyvalue` VALUES ('14031', '960', '250', '太空城堡');
INSERT INTO `propertyvalue` VALUES ('14032', '960', '249', '2014092207000022');
INSERT INTO `propertyvalue` VALUES ('14033', '960', '248', '25KG以下');
INSERT INTO `propertyvalue` VALUES ('14034', '960', '247', 'Isofix接口');
INSERT INTO `propertyvalue` VALUES ('14035', '960', '246', '麦克英孚(宁波)婴童用品有限公司');
INSERT INTO `propertyvalue` VALUES ('14036', '960', '245', 'R102A太空城堡儿童约束系统');
INSERT INTO `propertyvalue` VALUES ('14037', '960', '244', '有效');
INSERT INTO `propertyvalue` VALUES ('14038', '960', '243', '中国大陆');
INSERT INTO `propertyvalue` VALUES ('14039', '961', '257', '6周岁以下');
INSERT INTO `propertyvalue` VALUES ('14040', '961', '256', 'Baby first/宝贝第一');
INSERT INTO `propertyvalue` VALUES ('14041', '961', '255', '五点式');
INSERT INTO `propertyvalue` VALUES ('14042', '961', '254', '机动车儿童乘员用约束系统');
INSERT INTO `propertyvalue` VALUES ('14043', '961', '253', '坐式');
INSERT INTO `propertyvalue` VALUES ('14044', '961', '252', '宝塔蓝 橄榄绿 星空蓝 深海蓝 凯旋红 石榴紫 经典红');
INSERT INTO `propertyvalue` VALUES ('14045', '961', '251', '麦克英孚(宁波)婴童用品有限公司');
INSERT INTO `propertyvalue` VALUES ('14046', '961', '250', '太空城堡');
INSERT INTO `propertyvalue` VALUES ('14047', '961', '249', '2014092207000022');
INSERT INTO `propertyvalue` VALUES ('14048', '961', '248', '25KG以下');
INSERT INTO `propertyvalue` VALUES ('14049', '961', '247', 'Isofix接口');
INSERT INTO `propertyvalue` VALUES ('14050', '961', '246', '麦克英孚(宁波)婴童用品有限公司');
INSERT INTO `propertyvalue` VALUES ('14051', '961', '245', 'R102A太空城堡儿童约束系统');
INSERT INTO `propertyvalue` VALUES ('14052', '961', '244', '有效');
INSERT INTO `propertyvalue` VALUES ('14053', '961', '243', '中国大陆');
INSERT INTO `propertyvalue` VALUES ('14054', '962', '257', '6周岁以下');
INSERT INTO `propertyvalue` VALUES ('14055', '962', '256', 'Baby first/宝贝第一');
INSERT INTO `propertyvalue` VALUES ('14056', '962', '255', '五点式');
INSERT INTO `propertyvalue` VALUES ('14057', '962', '254', '机动车儿童乘员用约束系统');
INSERT INTO `propertyvalue` VALUES ('14058', '962', '253', '坐式');
INSERT INTO `propertyvalue` VALUES ('14059', '962', '252', '宝塔蓝 橄榄绿 星空蓝 深海蓝 凯旋红 石榴紫 经典红');
INSERT INTO `propertyvalue` VALUES ('14060', '962', '251', '麦克英孚(宁波)婴童用品有限公司');
INSERT INTO `propertyvalue` VALUES ('14061', '962', '250', '太空城堡');
INSERT INTO `propertyvalue` VALUES ('14062', '962', '249', '2014092207000022');
INSERT INTO `propertyvalue` VALUES ('14063', '962', '248', '25KG以下');
INSERT INTO `propertyvalue` VALUES ('14064', '962', '247', 'Isofix接口');
INSERT INTO `propertyvalue` VALUES ('14065', '962', '246', '麦克英孚(宁波)婴童用品有限公司');
INSERT INTO `propertyvalue` VALUES ('14066', '962', '245', 'R102A太空城堡儿童约束系统');
INSERT INTO `propertyvalue` VALUES ('14067', '962', '244', '有效');
INSERT INTO `propertyvalue` VALUES ('14068', '962', '243', '中国大陆');

-- ----------------------------
-- Table structure for review
-- ----------------------------
DROP TABLE IF EXISTS `review`;
CREATE TABLE `review` (
  `id` int(11) NOT NULL AUTO_INCREMENT,
  `content` varchar(4000) DEFAULT NULL,
  `uid` int(11) DEFAULT NULL,
  `pid` int(11) DEFAULT NULL,
  `createDate` datetime DEFAULT NULL,
  PRIMARY KEY (`id`),
  KEY `fk_review_product` (`pid`),
  KEY `fk_review_user` (`uid`),
  CONSTRAINT `fk_review_product` FOREIGN KEY (`pid`) REFERENCES `product` (`id`),
  CONSTRAINT `fk_review_user` FOREIGN KEY (`uid`) REFERENCES `user` (`id`)
) ENGINE=InnoDB DEFAULT CHARSET=utf8;

-- ----------------------------
-- Records of review
-- ----------------------------

-- ----------------------------
-- Table structure for user
-- ----------------------------
DROP TABLE IF EXISTS `user`;
CREATE TABLE `user` (
  `id` int(11) NOT NULL AUTO_INCREMENT,
  `name` varchar(255) DEFAULT NULL,
  `password` varchar(255) DEFAULT NULL,
  PRIMARY KEY (`id`)
) ENGINE=InnoDB AUTO_INCREMENT=3 DEFAULT CHARSET=utf8;

-- ----------------------------
-- Records of user
-- ----------------------------
INSERT INTO `user` VALUES ('1', 'sam', 'cys123');
INSERT INTO `user` VALUES ('2', 'xm', 'xm123');
